$spouts,$max_spout,$spout_wait,$spliters,$counters,$netty_min_wait,$<latency
0.0,0.0,0.0,0.0,0.0,0.0,4.4468
0.0,0.0,0.0,0.0,0.0,0.0,4.405
0.0,0.0,0.0,0.0,0.0,0.0,4.4484
0.0,0.0,0.0,0.0,0.0,0.0,4.4822
0.0,0.0,0.0,0.0,0.0,0.0,4.4268
0.0,0.0,0.0,0.0,0.0,0.0,4.4785
0.0,0.0,0.0,0.0,0.0,0.0,4.5171
0.0,0.0,0.0,0.0,0.0,0.0,4.6677
0.0,0.0,0.0,0.0,0.0,0.0,4.5484
0.0,0.0,0.0,0.0,0.0,0.0,4.6159
0.0,0.0,0.0,0.0,0.0,0.0,4.6134
0.0,0.0,0.0,0.0,0.0,0.0,4.5637
0.0,0.0,0.0,0.0,0.0,0.0,4.2424
0.0,0.0,0.0,0.0,0.0,0.0,4.3134
0.0,0.0,0.0,0.0,0.0,0.0,4.1886
0.0,0.0,0.0,0.0,0.0,0.0,4.5248
0.0,0.0,0.0,0.0,0.0,0.0,4.538
0.0,0.0,0.0,0.0,0.0,0.0,4.558
0.0,0.0,0.0,0.0,0.0,0.0,4.6177
0.0,0.0,0.0,0.0,0.0,0.0,4.6241
0.0,0.0,0.0,0.0,0.0,0.0,4.6823
0.0,0.0,0.0,0.0,0.0,0.0,4.6904
0.0,0.0,0.0,0.0,0.0,0.0,4.5742
0.0,0.0,0.0,0.0,0.0,0.0,4.6747
0.0,0.0,0.0,0.0,0.0,0.0,3.5077
0.0,0.0,0.0,0.0,0.0,0.0,3.4968
0.0,0.0,0.0,0.0,0.0,0.0,3.5415
0.0,0.0,0.0,0.0,0.0,0.0,3.5633
0.0,0.0,0.0,0.0,0.0,0.0,3.3944
0.0,0.0,0.0,0.0,0.0,0.0,3.4557
0.0,0.0,0.0,0.0,0.0,0.0,3.4955
0.0,0.0,0.0,0.0,0.0,0.0,3.4097
0.0,0.0,0.0,0.0,0.0,0.0,3.46
0.0,0.0,0.0,0.0,0.0,0.0,3.5019
0.0,0.0,0.0,0.0,0.0,0.0,3.5121
0.0,0.0,0.0,0.0,0.0,0.0,3.607
0.0,0.0,0.0,0.0,0.0,0.0,3.6658
0.0,0.0,0.0,0.0,0.0,0.0,3.5718
0.0,0.0,0.0,0.0,0.0,0.0,3.5026
0.0,0.0,0.0,0.0,0.0,0.0,3.3911
0.0,0.0,0.0,0.0,0.0,0.0,3.4513
0.0,0.0,0.0,0.0,0.0,0.0,3.3172
0.0,0.0,0.0,0.0,0.0,0.0,7.6576
0.0,0.0,0.0,0.0,0.0,0.0,3.4768
0.0,0.0,0.0,0.0,0.0,0.0,3.4791
0.0,0.0,0.0,0.0,0.0,0.0,3.4506
0.0,0.0,0.0,0.0,0.0,0.0,3.484
0.0,0.0,0.0,0.0,0.0,0.0,3.5139
0.0,0.0,0.0,0.0,0.0,0.0,5.49
0.0,0.0,0.0,0.0,0.0,0.0,5.2346
0.0,0.0,0.0,0.0,0.0,0.0,5.3567
0.0,0.0,0.0,0.0,0.0,0.0,5.1373
0.0,0.0,0.0,0.0,0.0,0.0,5.2128
0.0,0.0,0.0,0.0,0.0,0.0,5.0699
0.0,0.0,0.0,0.0,0.0,0.0,5.3701
0.0,0.0,0.0,0.0,0.0,0.0,5.2684
0.0,0.0,0.0,0.0,0.0,0.0,5.3351
0.0,0.0,0.0,0.0,0.0,0.0,5.3401
0.0,0.0,0.0,0.0,0.0,0.0,5.3387
0.0,0.0,0.0,0.0,0.0,0.0,5.2810000000000015
0.0,0.0,0.0,0.0,0.0,0.0,4.8949
0.0,0.0,0.0,0.0,0.0,0.0,4.905
0.0,0.0,0.0,0.0,0.0,0.0,4.9675
0.0,0.0,0.0,0.0,0.0,0.0,5.1239
0.0,0.0,0.0,0.0,0.0,0.0,4.9987
0.0,0.0,0.0,0.0,0.0,0.0,5.1377
0.0,0.0,0.0,0.0,0.0,0.0,5.1432
0.0,0.0,0.0,0.0,0.0,0.0,5.1389999999999985
0.0,0.0,0.0,0.0,0.0,0.0,5.1478
0.0,0.0,0.0,0.0,0.0,0.0,5.4703
0.0,0.0,0.0,0.0,0.0,0.0,5.1627
0.0,0.0,0.0,0.0,0.0,0.0,5.4166
0.0,0.0,0.0,0.0,0.0,0.0,4.4675
0.0,0.0,0.0,0.0,0.0,0.0,4.5089
0.0,0.0,0.0,0.0,0.0,0.0,4.5103
0.0,0.0,0.0,0.0,0.0,0.0,4.291
0.0,0.0,0.0,0.0,0.0,0.0,4.3764
0.0,0.0,0.0,0.0,0.0,0.0,4.3585
0.0,0.0,0.0,0.0,0.0,0.0,4.307
0.0,0.0,0.0,0.0,0.0,0.0,4.2994
0.0,0.0,0.0,0.0,0.0,0.0,4.5131
0.0,0.0,0.0,0.0,0.0,0.0,4.5767
0.0,0.0,0.0,0.0,0.0,0.0,4.3609
0.0,0.0,0.0,0.0,0.0,0.0,4.4103
0.0,0.0,0.0,0.0,0.0,0.0,4.5206
0.0,0.0,0.0,0.0,0.0,0.0,4.3057
0.0,0.0,0.0,0.0,0.0,0.0,4.4787
0.0,0.0,0.0,0.0,0.0,0.0,4.379
0.0,0.0,0.0,0.0,0.0,0.0,4.2981
0.0,0.0,0.0,0.0,0.0,0.0,4.3381
0.0,0.0,0.0,0.0,0.0,0.0,4.3737
0.0,0.0,0.0,0.0,0.0,0.0,4.3308
0.0,0.0,0.0,0.0,0.0,0.0,4.3968
0.0,0.0,0.0,0.0,0.0,0.0,4.3378
0.0,0.0,0.0,0.0,0.0,0.0,4.3703
0.0,0.0,0.0,0.0,0.0,0.0,4.4231
0.0,0.0,0.0,0.0,0.0,0.0,6.1904
0.0,0.0,0.0,0.0,0.0,0.0,6.0909
0.0,0.0,0.0,0.0,0.0,0.0,6.107
0.0,0.0,0.0,0.0,0.0,0.0,6.0975
0.0,0.0,0.0,0.0,0.0,0.0,6.207000000000002
0.0,0.0,0.0,0.0,0.0,0.0,5.9981
0.0,0.0,0.0,0.0,0.0,0.0,6.1188
0.0,0.0,0.0,0.0,0.0,0.0,6.3713
0.0,0.0,0.0,0.0,0.0,0.0,6.1561
0.0,0.0,0.0,0.0,0.0,0.0,6.3122
0.0,0.0,0.0,0.0,0.0,0.0,6.1555
0.0,0.0,0.0,0.0,0.0,0.0,6.1748
0.0,0.0,0.0,0.0,0.0,0.0,5.7019
0.0,0.0,0.0,0.0,0.0,0.0,5.8506
0.0,0.0,0.0,0.0,0.0,0.0,5.8025
0.0,0.0,0.0,0.0,0.0,0.0,6.0442
0.0,0.0,0.0,0.0,0.0,0.0,6.0619
0.0,0.0,0.0,0.0,0.0,0.0,6.1587
0.0,0.0,0.0,0.0,0.0,0.0,6.1697
0.0,0.0,0.0,0.0,0.0,0.0,6.0804
0.0,0.0,0.0,0.0,0.0,0.0,6.1652
0.0,0.0,0.0,0.0,0.0,0.0,6.1045
0.0,0.0,0.0,0.0,0.0,0.0,6.1146
0.0,0.0,0.0,0.0,0.0,0.0,6.1705
0.0,0.0,0.0,0.0,0.0,0.0,4.9466
0.0,0.0,0.0,0.0,0.0,0.0,4.8406
0.0,0.0,0.0,0.0,0.0,0.0,4.9475
0.0,0.0,0.0,0.0,0.0,0.0,4.9271
0.0,0.0,0.0,0.0,0.0,0.0,4.8791
0.0,0.0,0.0,0.0,0.0,0.0,4.8299
0.0,0.0,0.0,0.0,0.0,0.0,4.8937
0.0,0.0,0.0,0.0,0.0,0.0,4.9
0.0,0.0,0.0,0.0,0.0,0.0,4.8477
0.0,0.0,0.0,0.0,0.0,0.0,5.1892
0.0,0.0,0.0,0.0,0.0,0.0,5.1301
0.0,0.0,0.0,0.0,0.0,0.0,5.1923
0.0,0.0,0.0,0.0,0.0,0.0,4.7158
0.0,0.0,0.0,0.0,0.0,0.0,4.884
0.0,0.0,0.0,0.0,0.0,0.0,4.9139
0.0,0.0,0.0,0.0,0.0,0.0,4.7522
0.0,0.0,0.0,0.0,0.0,0.0,4.9057
0.0,0.0,0.0,0.0,0.0,0.0,4.7925
0.0,0.0,0.0,0.0,0.0,0.0,4.9799
0.0,0.0,0.0,0.0,0.0,0.0,5.0026
0.0,0.0,0.0,0.0,0.0,0.0,4.9731
0.0,0.0,0.0,0.0,0.0,0.0,5.2083
0.0,0.0,0.0,0.0,0.0,0.0,5.0696
0.0,0.0,0.0,0.0,0.0,0.0,5.1408
0.0,0.0,0.0,0.0,0.0,0.0,11.268
0.0,0.0,0.0,0.0,0.0,0.0,11.129
0.0,0.0,0.0,0.0,0.0,0.0,11.148
0.0,0.0,0.0,0.0,0.0,0.0,21.977
0.0,0.0,0.0,0.0,0.0,0.0,10.837
0.0,0.0,0.0,0.0,0.0,0.0,11.05
0.0,0.0,0.0,0.0,0.0,0.0,11.253
0.0,0.0,0.0,0.0,0.0,0.0,10.922
0.0,0.0,0.0,0.0,0.0,0.0,11.217
0.0,0.0,0.0,0.0,0.0,0.0,10.928
0.0,0.0,0.0,0.0,0.0,0.0,10.994000000000002
0.0,0.0,0.0,0.0,0.0,0.0,10.843
0.0,0.0,0.0,0.0,0.0,0.0,23.964
0.0,0.0,0.0,0.0,0.0,0.0,22.432
0.0,0.0,0.0,0.0,0.0,0.0,11.2
0.0,0.0,0.0,0.0,0.0,0.0,10.879
0.0,0.0,0.0,0.0,0.0,0.0,10.809
0.0,0.0,0.0,0.0,0.0,0.0,23.573
0.0,0.0,0.0,0.0,0.0,0.0,10.800999999999998
0.0,0.0,0.0,0.0,0.0,0.0,11.033
0.0,0.0,0.0,0.0,0.0,0.0,10.774
0.0,0.0,0.0,0.0,0.0,0.0,10.91
0.0,0.0,0.0,0.0,0.0,0.0,10.94
0.0,0.0,0.0,0.0,0.0,0.0,10.858
0.0,0.0,0.0,0.0,0.0,0.0,11.198
0.0,0.0,0.0,0.0,0.0,0.0,10.849
0.0,0.0,0.0,0.0,0.0,0.0,10.874
0.0,0.0,0.0,0.0,0.0,0.0,10.984000000000002
0.0,0.0,0.0,0.0,0.0,0.0,10.91
0.0,0.0,0.0,0.0,0.0,0.0,10.827
0.0,0.0,0.0,0.0,0.0,0.0,10.696
0.0,0.0,0.0,0.0,0.0,0.0,10.829
0.0,0.0,0.0,0.0,0.0,0.0,10.577
0.0,0.0,0.0,0.0,0.0,0.0,10.706
0.0,0.0,0.0,0.0,0.0,0.0,10.754
0.0,0.0,0.0,0.0,0.0,0.0,10.723
0.0,0.0,0.0,0.0,0.0,0.0,20.952
0.0,0.0,0.0,0.0,0.0,0.0,11.109000000000002
0.0,0.0,0.0,0.0,0.0,0.0,10.880999999999998
0.0,0.0,0.0,0.0,0.0,0.0,10.906
0.0,0.0,0.0,0.0,0.0,0.0,10.994000000000002
0.0,0.0,0.0,0.0,0.0,0.0,10.765
0.0,0.0,0.0,0.0,0.0,0.0,10.763
0.0,0.0,0.0,0.0,0.0,0.0,11.083
0.0,0.0,0.0,0.0,0.0,0.0,10.583
0.0,0.0,0.0,0.0,0.0,0.0,10.630999999999998
0.0,0.0,0.0,0.0,0.0,0.0,10.794
0.0,0.0,0.0,0.0,0.0,0.0,10.662
0.0,0.0,0.0,0.0,0.0,0.0,213.14
0.0,0.0,0.0,0.0,0.0,0.0,100.38
0.0,0.0,0.0,0.0,0.0,0.0,101.53
0.0,0.0,0.0,0.0,0.0,0.0,100.55
0.0,0.0,0.0,0.0,0.0,0.0,100.3
0.0,0.0,0.0,0.0,0.0,0.0,101.64
0.0,0.0,0.0,0.0,0.0,0.0,101.73
0.0,0.0,0.0,0.0,0.0,0.0,100.37
0.0,0.0,0.0,0.0,0.0,0.0,100.3
0.0,0.0,0.0,0.0,0.0,0.0,101.78
0.0,0.0,0.0,0.0,0.0,0.0,101.53
0.0,0.0,0.0,0.0,0.0,0.0,100.4
0.0,0.0,0.0,0.0,0.0,0.0,100.37
0.0,0.0,0.0,0.0,0.0,0.0,101.6
0.0,0.0,0.0,0.0,0.0,0.0,100.3
0.0,0.0,0.0,0.0,0.0,0.0,100.41
0.0,0.0,0.0,0.0,0.0,0.0,100.51
0.0,0.0,0.0,0.0,0.0,0.0,101.85
0.0,0.0,0.0,0.0,0.0,0.0,100.64
0.0,0.0,0.0,0.0,0.0,0.0,100.44
0.0,0.0,0.0,0.0,0.0,0.0,218.24
0.0,0.0,0.0,0.0,0.0,0.0,100.4
0.0,0.0,0.0,0.0,0.0,0.0,100.34
0.0,0.0,0.0,0.0,0.0,0.0,100.3
0.0,0.0,0.0,0.0,0.0,0.0,100.32
0.0,0.0,0.0,0.0,0.0,0.0,100.38
0.0,0.0,0.0,0.0,0.0,0.0,100.43
0.0,0.0,0.0,0.0,0.0,0.0,100.39
0.0,0.0,0.0,0.0,0.0,0.0,100.48
0.0,0.0,0.0,0.0,0.0,0.0,100.42
0.0,0.0,0.0,0.0,0.0,0.0,100.48
0.0,0.0,0.0,0.0,0.0,0.0,100.4
0.0,0.0,0.0,0.0,0.0,0.0,100.41
0.0,0.0,0.0,0.0,0.0,0.0,100.33
0.0,0.0,0.0,0.0,0.0,0.0,101.46
0.0,0.0,0.0,0.0,0.0,0.0,100.47
0.0,0.0,0.0,0.0,0.0,0.0,100.38
0.0,0.0,0.0,0.0,0.0,0.0,100.47
0.0,0.0,0.0,0.0,0.0,0.0,100.32
0.0,0.0,0.0,0.0,0.0,0.0,100.37
0.0,0.0,0.0,0.0,0.0,0.0,100.41
0.0,0.0,0.0,0.0,0.0,0.0,100.42
0.0,0.0,0.0,0.0,0.0,0.0,100.38
0.0,0.0,0.0,0.0,0.0,0.0,100.44
0.0,0.0,0.0,0.0,0.0,0.0,102.09
0.0,0.0,0.0,0.0,0.0,0.0,100.46
0.0,0.0,0.0,0.0,0.0,0.0,100.41
0.0,0.0,0.0,0.0,0.0,0.0,100.5
0.0,0.0,0.0,0.0,0.0,0.0,4.9752
0.0,0.0,0.0,0.0,0.0,0.0,7.6709
0.0,0.0,0.0,0.0,0.0,0.0,4.975
0.0,0.0,0.0,0.0,0.0,0.0,4.6327
0.0,0.0,0.0,0.0,0.0,0.0,4.6888
0.0,0.0,0.0,0.0,0.0,0.0,4.5601
0.0,0.0,0.0,0.0,0.0,0.0,4.742
0.0,0.0,0.0,0.0,0.0,0.0,4.8188
0.0,0.0,0.0,0.0,0.0,0.0,4.6654
0.0,0.0,0.0,0.0,0.0,0.0,4.8848
0.0,0.0,0.0,0.0,0.0,0.0,4.8058
0.0,0.0,0.0,0.0,0.0,0.0,5.3365
0.0,0.0,0.0,0.0,0.0,0.0,4.4127
0.0,0.0,0.0,0.0,0.0,0.0,4.3792
0.0,0.0,0.0,0.0,0.0,0.0,4.2854
0.0,0.0,0.0,0.0,0.0,0.0,4.6404
0.0,0.0,0.0,0.0,0.0,0.0,4.6938
0.0,0.0,0.0,0.0,0.0,0.0,4.6135
0.0,0.0,0.0,0.0,0.0,0.0,4.6842
0.0,0.0,0.0,0.0,0.0,0.0,7.3239
0.0,0.0,0.0,0.0,0.0,0.0,4.7191
0.0,0.0,0.0,0.0,0.0,0.0,4.6703
0.0,0.0,0.0,0.0,0.0,0.0,4.8437
0.0,0.0,0.0,0.0,0.0,0.0,4.7506
0.0,0.0,0.0,0.0,0.0,0.0,4.251
0.0,0.0,0.0,0.0,0.0,0.0,4.295
0.0,0.0,0.0,0.0,0.0,0.0,4.2084
0.0,0.0,0.0,0.0,0.0,0.0,3.7197
0.0,0.0,0.0,0.0,0.0,0.0,3.714
0.0,0.0,0.0,0.0,0.0,0.0,3.7956
0.0,0.0,0.0,0.0,0.0,0.0,3.9013
0.0,0.0,0.0,0.0,0.0,0.0,3.9929
0.0,0.0,0.0,0.0,0.0,0.0,3.9803
0.0,0.0,0.0,0.0,0.0,0.0,3.9408
0.0,0.0,0.0,0.0,0.0,0.0,3.9865
0.0,0.0,0.0,0.0,0.0,0.0,3.9771
0.0,0.0,0.0,0.0,0.0,0.0,4.0753
0.0,0.0,0.0,0.0,0.0,0.0,4.1051
0.0,0.0,0.0,0.0,0.0,0.0,4.395
0.0,0.0,0.0,0.0,0.0,0.0,3.8101
0.0,0.0,0.0,0.0,0.0,0.0,3.7656
0.0,0.0,0.0,0.0,0.0,0.0,3.7782
0.0,0.0,0.0,0.0,0.0,0.0,3.9164
0.0,0.0,0.0,0.0,0.0,0.0,3.8786
0.0,0.0,0.0,0.0,0.0,0.0,3.8956
0.0,0.0,0.0,0.0,0.0,0.0,4.0115
0.0,0.0,0.0,0.0,0.0,0.0,3.9855
0.0,0.0,0.0,0.0,0.0,0.0,4.0256
0.0,0.0,0.0,0.0,0.0,0.0,5.7478
0.0,0.0,0.0,0.0,0.0,0.0,5.7538
0.0,0.0,0.0,0.0,0.0,0.0,5.6302
0.0,0.0,0.0,0.0,0.0,0.0,5.3713
0.0,0.0,0.0,0.0,0.0,0.0,5.3532
0.0,0.0,0.0,0.0,0.0,0.0,5.3866
0.0,0.0,0.0,0.0,0.0,0.0,5.4404
0.0,0.0,0.0,0.0,0.0,0.0,5.5331
0.0,0.0,0.0,0.0,0.0,0.0,5.4591
0.0,0.0,0.0,0.0,0.0,0.0,5.5294
0.0,0.0,0.0,0.0,0.0,0.0,5.7195
0.0,0.0,0.0,0.0,0.0,0.0,5.6994
0.0,0.0,0.0,0.0,0.0,0.0,5.1449
0.0,0.0,0.0,0.0,0.0,0.0,5.0772
0.0,0.0,0.0,0.0,0.0,0.0,5.0329
0.0,0.0,0.0,0.0,0.0,0.0,8.0346
0.0,0.0,0.0,0.0,0.0,0.0,5.2255
0.0,0.0,0.0,0.0,0.0,0.0,5.6994
0.0,0.0,0.0,0.0,0.0,0.0,5.2703
0.0,0.0,0.0,0.0,0.0,0.0,5.1917
0.0,0.0,0.0,0.0,0.0,0.0,5.2892
0.0,0.0,0.0,0.0,0.0,0.0,5.4603
0.0,0.0,0.0,0.0,0.0,0.0,5.3918
0.0,0.0,0.0,0.0,0.0,0.0,5.4408
0.0,0.0,0.0,0.0,0.0,0.0,4.9936
0.0,0.0,0.0,0.0,0.0,0.0,5.1669
0.0,0.0,0.0,0.0,0.0,0.0,5.0013
0.0,0.0,0.0,0.0,0.0,0.0,4.6776
0.0,0.0,0.0,0.0,0.0,0.0,4.6903
0.0,0.0,0.0,0.0,0.0,0.0,4.8357
0.0,0.0,0.0,0.0,0.0,0.0,4.7142
0.0,0.0,0.0,0.0,0.0,0.0,4.6922
0.0,0.0,0.0,0.0,0.0,0.0,4.7038
0.0,0.0,0.0,0.0,0.0,0.0,4.7827
0.0,0.0,0.0,0.0,0.0,0.0,4.7799
0.0,0.0,0.0,0.0,0.0,0.0,4.881
0.0,0.0,0.0,0.0,0.0,0.0,5.1089
0.0,0.0,0.0,0.0,0.0,0.0,5.1955
0.0,0.0,0.0,0.0,0.0,0.0,5.2723
0.0,0.0,0.0,0.0,0.0,0.0,4.6608
0.0,0.0,0.0,0.0,0.0,0.0,4.6526
0.0,0.0,0.0,0.0,0.0,0.0,4.6987
0.0,0.0,0.0,0.0,0.0,0.0,7.2747
0.0,0.0,0.0,0.0,0.0,0.0,4.7526
0.0,0.0,0.0,0.0,0.0,0.0,4.9654
0.0,0.0,0.0,0.0,0.0,0.0,4.811
0.0,0.0,0.0,0.0,0.0,0.0,4.8628
0.0,0.0,0.0,0.0,0.0,0.0,4.8619
0.0,0.0,0.0,0.0,0.0,0.0,6.6938
0.0,0.0,0.0,0.0,0.0,0.0,6.8108
0.0,0.0,0.0,0.0,0.0,0.0,6.8904
0.0,0.0,0.0,0.0,0.0,0.0,6.3564
0.0,0.0,0.0,0.0,0.0,0.0,6.2956
0.0,0.0,0.0,0.0,0.0,0.0,6.3516
0.0,0.0,0.0,0.0,0.0,0.0,6.4327
0.0,0.0,0.0,0.0,0.0,0.0,6.3747
0.0,0.0,0.0,0.0,0.0,0.0,6.4323
0.0,0.0,0.0,0.0,0.0,0.0,6.5086
0.0,0.0,0.0,0.0,0.0,0.0,6.5052
0.0,0.0,0.0,0.0,0.0,0.0,6.3391
0.0,0.0,0.0,0.0,0.0,0.0,5.7949
0.0,0.0,0.0,0.0,0.0,0.0,5.8898
0.0,0.0,0.0,0.0,0.0,0.0,5.6573
0.0,0.0,0.0,0.0,0.0,0.0,6.0386
0.0,0.0,0.0,0.0,0.0,0.0,5.9911
0.0,0.0,0.0,0.0,0.0,0.0,6.0537
0.0,0.0,0.0,0.0,0.0,0.0,6.169
0.0,0.0,0.0,0.0,0.0,0.0,6.0906
0.0,0.0,0.0,0.0,0.0,0.0,6.2077
0.0,0.0,0.0,0.0,0.0,0.0,6.3154
0.0,0.0,0.0,0.0,0.0,0.0,6.1788
0.0,0.0,0.0,0.0,0.0,0.0,6.1445
0.0,0.0,0.0,0.0,0.0,0.0,5.6987
0.0,0.0,0.0,0.0,0.0,0.0,8.758
0.0,0.0,0.0,0.0,0.0,0.0,5.9531
0.0,0.0,0.0,0.0,0.0,0.0,5.4912
0.0,0.0,0.0,0.0,0.0,0.0,5.4287
0.0,0.0,0.0,0.0,0.0,0.0,5.417000000000002
0.0,0.0,0.0,0.0,0.0,0.0,5.5417
0.0,0.0,0.0,0.0,0.0,0.0,5.7447
0.0,0.0,0.0,0.0,0.0,0.0,5.5943
0.0,0.0,0.0,0.0,0.0,0.0,5.7847
0.0,0.0,0.0,0.0,0.0,0.0,5.7758
0.0,0.0,0.0,0.0,0.0,0.0,5.7225
0.0,0.0,0.0,0.0,0.0,0.0,5.7722
0.0,0.0,0.0,0.0,0.0,0.0,6.0006
0.0,0.0,0.0,0.0,0.0,0.0,5.9893
0.0,0.0,0.0,0.0,0.0,0.0,5.4395
0.0,0.0,0.0,0.0,0.0,0.0,5.4186
0.0,0.0,0.0,0.0,0.0,0.0,5.4572
0.0,0.0,0.0,0.0,0.0,0.0,5.7252
0.0,0.0,0.0,0.0,0.0,0.0,5.8065
0.0,0.0,0.0,0.0,0.0,0.0,5.6969
0.0,0.0,0.0,0.0,0.0,0.0,5.7844
0.0,0.0,0.0,0.0,0.0,0.0,5.7968
0.0,0.0,0.0,0.0,0.0,0.0,8.4719
0.0,0.0,0.0,0.0,0.0,0.0,11.411
0.0,0.0,0.0,0.0,0.0,0.0,11.49
0.0,0.0,0.0,0.0,0.0,0.0,11.414
0.0,0.0,0.0,0.0,0.0,0.0,11.015
0.0,0.0,0.0,0.0,0.0,0.0,10.956
0.0,0.0,0.0,0.0,0.0,0.0,10.979
0.0,0.0,0.0,0.0,0.0,0.0,11.009
0.0,0.0,0.0,0.0,0.0,0.0,11.043
0.0,0.0,0.0,0.0,0.0,0.0,11.07
0.0,0.0,0.0,0.0,0.0,0.0,10.833
0.0,0.0,0.0,0.0,0.0,0.0,10.989
0.0,0.0,0.0,0.0,0.0,0.0,10.983
0.0,0.0,0.0,0.0,0.0,0.0,11.011
0.0,0.0,0.0,0.0,0.0,0.0,11.001
0.0,0.0,0.0,0.0,0.0,0.0,10.946
0.0,0.0,0.0,0.0,0.0,0.0,10.720999999999998
0.0,0.0,0.0,0.0,0.0,0.0,10.792
0.0,0.0,0.0,0.0,0.0,0.0,10.912
0.0,0.0,0.0,0.0,0.0,0.0,10.799
0.0,0.0,0.0,0.0,0.0,0.0,10.892
0.0,0.0,0.0,0.0,0.0,0.0,10.917
0.0,0.0,0.0,0.0,0.0,0.0,10.877
0.0,0.0,0.0,0.0,0.0,0.0,10.844
0.0,0.0,0.0,0.0,0.0,0.0,11.699000000000002
0.0,0.0,0.0,0.0,0.0,0.0,11.095999999999998
0.0,0.0,0.0,0.0,0.0,0.0,11.025
0.0,0.0,0.0,0.0,0.0,0.0,11.084
0.0,0.0,0.0,0.0,0.0,0.0,10.692
0.0,0.0,0.0,0.0,0.0,0.0,10.765
0.0,0.0,0.0,0.0,0.0,0.0,10.748
0.0,0.0,0.0,0.0,0.0,0.0,10.66
0.0,0.0,0.0,0.0,0.0,0.0,11.031
0.0,0.0,0.0,0.0,0.0,0.0,10.858
0.0,0.0,0.0,0.0,0.0,0.0,10.796
0.0,0.0,0.0,0.0,0.0,0.0,10.85
0.0,0.0,0.0,0.0,0.0,0.0,10.784
0.0,0.0,0.0,0.0,0.0,0.0,11.27
0.0,0.0,0.0,0.0,0.0,0.0,11.015999999999998
0.0,0.0,0.0,0.0,0.0,0.0,11.074000000000002
0.0,0.0,0.0,0.0,0.0,0.0,10.794
0.0,0.0,0.0,0.0,0.0,0.0,10.736
0.0,0.0,0.0,0.0,0.0,0.0,10.851
0.0,0.0,0.0,0.0,0.0,0.0,10.745
0.0,0.0,0.0,0.0,0.0,0.0,10.821
0.0,0.0,0.0,0.0,0.0,0.0,10.74
0.0,0.0,0.0,0.0,0.0,0.0,10.789
0.0,0.0,0.0,0.0,0.0,0.0,10.719
0.0,0.0,0.0,0.0,0.0,0.0,10.693
0.0,0.0,0.0,0.0,0.0,0.0,101.57
0.0,0.0,0.0,0.0,0.0,0.0,100.52
0.0,0.0,0.0,0.0,0.0,0.0,100.62
0.0,0.0,0.0,0.0,0.0,0.0,101.12
0.0,0.0,0.0,0.0,0.0,0.0,100.47
0.0,0.0,0.0,0.0,0.0,0.0,100.52
0.0,0.0,0.0,0.0,0.0,0.0,100.54
0.0,0.0,0.0,0.0,0.0,0.0,100.65
0.0,0.0,0.0,0.0,0.0,0.0,100.47
0.0,0.0,0.0,0.0,0.0,0.0,101.55
0.0,0.0,0.0,0.0,0.0,0.0,100.5
0.0,0.0,0.0,0.0,0.0,0.0,101.1
0.0,0.0,0.0,0.0,0.0,0.0,100.6
0.0,0.0,0.0,0.0,0.0,0.0,100.54
0.0,0.0,0.0,0.0,0.0,0.0,100.52
0.0,0.0,0.0,0.0,0.0,0.0,100.49
0.0,0.0,0.0,0.0,0.0,0.0,100.48
0.0,0.0,0.0,0.0,0.0,0.0,100.4
0.0,0.0,0.0,0.0,0.0,0.0,101.09
0.0,0.0,0.0,0.0,0.0,0.0,100.52
0.0,0.0,0.0,0.0,0.0,0.0,100.53
0.0,0.0,0.0,0.0,0.0,0.0,101.09
0.0,0.0,0.0,0.0,0.0,0.0,100.51
0.0,0.0,0.0,0.0,0.0,0.0,100.52
0.0,0.0,0.0,0.0,0.0,0.0,100.59
0.0,0.0,0.0,0.0,0.0,0.0,100.43
0.0,0.0,0.0,0.0,0.0,0.0,100.55
0.0,0.0,0.0,0.0,0.0,0.0,100.63
0.0,0.0,0.0,0.0,0.0,0.0,153.3
0.0,0.0,0.0,0.0,0.0,0.0,100.52
0.0,0.0,0.0,0.0,0.0,0.0,100.95
0.0,0.0,0.0,0.0,0.0,0.0,100.67
0.0,0.0,0.0,0.0,0.0,0.0,101.13
0.0,0.0,0.0,0.0,0.0,0.0,100.54
0.0,0.0,0.0,0.0,0.0,0.0,100.71
0.0,0.0,0.0,0.0,0.0,0.0,100.68
0.0,0.0,0.0,0.0,0.0,0.0,100.57
0.0,0.0,0.0,0.0,0.0,0.0,101.22
0.0,0.0,0.0,0.0,0.0,0.0,100.54
0.0,0.0,0.0,0.0,0.0,0.0,100.92
0.0,0.0,0.0,0.0,0.0,0.0,101.07
0.0,0.0,0.0,0.0,0.0,0.0,101.41
0.0,0.0,0.0,0.0,0.0,0.0,100.24
0.0,0.0,0.0,0.0,0.0,0.0,100.53
0.0,0.0,0.0,0.0,0.0,0.0,100.19
0.0,0.0,0.0,0.0,0.0,0.0,100.52
0.0,0.0,0.0,0.0,0.0,0.0,101.28
0.0,0.0,0.0,0.0,0.0,0.0,100.68
0.0,0.0,0.0,0.0,0.0,0.0,11.309
0.0,0.0,0.0,0.0,0.0,0.0,11.215
0.0,0.0,0.0,0.0,0.0,0.0,11.335
0.0,0.0,0.0,0.0,0.0,0.0,8.4214
0.0,0.0,0.0,0.0,0.0,0.0,8.3948
0.0,0.0,0.0,0.0,0.0,0.0,8.5082
0.0,0.0,0.0,0.0,0.0,0.0,8.9675
0.0,0.0,0.0,0.0,0.0,0.0,9.0342
0.0,0.0,0.0,0.0,0.0,0.0,9.9221
0.0,0.0,0.0,0.0,0.0,0.0,9.4325
0.0,0.0,0.0,0.0,0.0,0.0,9.2795
0.0,0.0,0.0,0.0,0.0,0.0,9.7994
0.0,0.0,0.0,0.0,0.0,0.0,9.4223
0.0,0.0,0.0,0.0,0.0,0.0,9.5084
0.0,0.0,0.0,0.0,0.0,0.0,9.5654
0.0,0.0,0.0,0.0,0.0,0.0,7.9853
0.0,0.0,0.0,0.0,0.0,0.0,9.0089
0.0,0.0,0.0,0.0,0.0,0.0,7.7715
0.0,0.0,0.0,0.0,0.0,0.0,8.3359
0.0,0.0,0.0,0.0,0.0,0.0,8.3452
0.0,0.0,0.0,0.0,0.0,0.0,8.4146
0.0,0.0,0.0,0.0,0.0,0.0,9.1968
0.0,0.0,0.0,0.0,0.0,0.0,8.6787
0.0,0.0,0.0,0.0,0.0,0.0,10.006
0.0,0.0,0.0,0.0,0.0,0.0,10.982
0.0,0.0,0.0,0.0,0.0,0.0,11.194
0.0,0.0,0.0,0.0,0.0,0.0,11.161
0.0,0.0,0.0,0.0,0.0,0.0,7.6618
0.0,0.0,0.0,0.0,0.0,0.0,9.579
0.0,0.0,0.0,0.0,0.0,0.0,7.8369
0.0,0.0,0.0,0.0,0.0,0.0,8.0656
0.0,0.0,0.0,0.0,0.0,0.0,7.825
0.0,0.0,0.0,0.0,0.0,0.0,7.8794
0.0,0.0,0.0,0.0,0.0,0.0,7.4564
0.0,0.0,0.0,0.0,0.0,0.0,7.8115
0.0,0.0,0.0,0.0,0.0,0.0,8.731
0.0,0.0,0.0,0.0,0.0,0.0,10.630999999999998
0.0,0.0,0.0,0.0,0.0,0.0,10.992
0.0,0.0,0.0,0.0,0.0,0.0,11.073
0.0,0.0,0.0,0.0,0.0,0.0,8.4994
0.0,0.0,0.0,0.0,0.0,0.0,8.3045
0.0,0.0,0.0,0.0,0.0,0.0,9.08
0.0,0.0,0.0,0.0,0.0,0.0,7.907
0.0,0.0,0.0,0.0,0.0,0.0,8.5256
0.0,0.0,0.0,0.0,0.0,0.0,8.2106
0.0,0.0,0.0,0.0,0.0,0.0,8.9026
0.0,0.0,0.0,0.0,0.0,0.0,8.7592
0.0,0.0,0.0,0.0,0.0,0.0,9.7051
0.0,0.0,0.0,0.0,0.0,0.0,11.869000000000002
0.0,0.0,0.0,0.0,0.0,0.0,11.807
0.0,0.0,0.0,0.0,0.0,0.0,14.008
0.0,0.0,0.0,0.0,0.0,0.0,8.272
0.0,0.0,0.0,0.0,0.0,0.0,8.2688
0.0,0.0,0.0,0.0,0.0,0.0,8.7481
0.0,0.0,0.0,0.0,0.0,0.0,8.6295
0.0,0.0,0.0,0.0,0.0,0.0,8.5266
0.0,0.0,0.0,0.0,0.0,0.0,9.7487
0.0,0.0,0.0,0.0,0.0,0.0,9.0167
0.0,0.0,0.0,0.0,0.0,0.0,10.154
0.0,0.0,0.0,0.0,0.0,0.0,9.0157
0.0,0.0,0.0,0.0,0.0,0.0,10.396
0.0,0.0,0.0,0.0,0.0,0.0,9.8081
0.0,0.0,0.0,0.0,0.0,0.0,10.148
0.0,0.0,0.0,0.0,0.0,0.0,8.135
0.0,0.0,0.0,0.0,0.0,0.0,8.0115
0.0,0.0,0.0,0.0,0.0,0.0,8.1943
0.0,0.0,0.0,0.0,0.0,0.0,8.5226
0.0,0.0,0.0,0.0,0.0,0.0,9.386
0.0,0.0,0.0,0.0,0.0,0.0,8.3824
0.0,0.0,0.0,0.0,0.0,0.0,9.7568
0.0,0.0,0.0,0.0,0.0,0.0,9.1237
0.0,0.0,0.0,0.0,0.0,0.0,9.9783
0.0,0.0,0.0,0.0,0.0,0.0,11.739
0.0,0.0,0.0,0.0,0.0,0.0,12.555
0.0,0.0,0.0,0.0,0.0,0.0,12.357
0.0,0.0,0.0,0.0,0.0,0.0,8.1344
0.0,0.0,0.0,0.0,0.0,0.0,8.0767
0.0,0.0,0.0,0.0,0.0,0.0,8.3268
0.0,0.0,0.0,0.0,0.0,0.0,8.9429
0.0,0.0,0.0,0.0,0.0,0.0,8.9942
0.0,0.0,0.0,0.0,0.0,0.0,8.2758
0.0,0.0,0.0,0.0,0.0,0.0,8.6121
0.0,0.0,0.0,0.0,0.0,0.0,8.5375
0.0,0.0,0.0,0.0,0.0,0.0,8.669
0.0,0.0,0.0,0.0,0.0,0.0,10.988
0.0,0.0,0.0,0.0,0.0,0.0,11.501
0.0,0.0,0.0,0.0,0.0,0.0,10.812
0.0,0.0,0.0,0.0,0.0,0.0,8.7688
0.0,0.0,0.0,0.0,0.0,0.0,8.9097
0.0,0.0,0.0,0.0,0.0,0.0,8.6542
0.0,0.0,0.0,0.0,0.0,0.0,8.6841
0.0,0.0,0.0,0.0,0.0,0.0,8.8574
0.0,0.0,0.0,0.0,0.0,0.0,8.6797
0.0,0.0,0.0,0.0,0.0,0.0,8.6892
0.0,0.0,0.0,0.0,0.0,0.0,8.9078
0.0,0.0,0.0,0.0,0.0,0.0,9.7277
0.0,0.0,0.0,0.0,0.0,0.0,12.625
0.0,0.0,0.0,0.0,0.0,0.0,12.434
0.0,0.0,0.0,0.0,0.0,0.0,12.956
0.0,0.0,0.0,0.0,0.0,0.0,9.0591
0.0,0.0,0.0,0.0,0.0,0.0,8.7962
0.0,0.0,0.0,0.0,0.0,0.0,8.9627
0.0,0.0,0.0,0.0,0.0,0.0,9.2579
0.0,0.0,0.0,0.0,0.0,0.0,9.149
0.0,0.0,0.0,0.0,0.0,0.0,10.051
0.0,0.0,0.0,0.0,0.0,0.0,9.534
0.0,0.0,0.0,0.0,0.0,0.0,9.5298
0.0,0.0,0.0,0.0,0.0,0.0,9.3961
0.0,0.0,0.0,0.0,0.0,0.0,10.198
0.0,0.0,0.0,0.0,0.0,0.0,10.413
0.0,0.0,0.0,0.0,0.0,0.0,10.782
0.0,0.0,0.0,0.0,0.0,0.0,8.2019
0.0,0.0,0.0,0.0,0.0,0.0,8.2459
0.0,0.0,0.0,0.0,0.0,0.0,9.4949
0.0,0.0,0.0,0.0,0.0,0.0,9.8717
0.0,0.0,0.0,0.0,0.0,0.0,8.5872
0.0,0.0,0.0,0.0,0.0,0.0,9.6342
0.0,0.0,0.0,0.0,0.0,0.0,9.1031
0.0,0.0,0.0,0.0,0.0,0.0,9.3806
0.0,0.0,0.0,0.0,0.0,0.0,9.102
0.0,0.0,0.0,0.0,0.0,0.0,12.088
0.0,0.0,0.0,0.0,0.0,0.0,12.117
0.0,0.0,0.0,0.0,0.0,0.0,13.028
0.0,0.0,0.0,0.0,0.0,0.0,8.8931
0.0,0.0,0.0,0.0,0.0,0.0,8.7506
0.0,0.0,0.0,0.0,0.0,0.0,8.8929
0.0,0.0,0.0,0.0,0.0,0.0,8.7552
0.0,0.0,0.0,0.0,0.0,0.0,8.7782
0.0,0.0,0.0,0.0,0.0,0.0,8.8658
0.0,0.0,0.0,0.0,0.0,0.0,8.9316
0.0,0.0,0.0,0.0,0.0,0.0,9.0692
0.0,0.0,0.0,0.0,0.0,0.0,9.1431
0.0,0.0,0.0,0.0,0.0,0.0,11.37
0.0,0.0,0.0,0.0,0.0,0.0,11.617
0.0,0.0,0.0,0.0,0.0,0.0,12.038
0.0,0.0,0.0,0.0,0.0,0.0,8.7924
0.0,0.0,0.0,0.0,0.0,0.0,9.2258
0.0,0.0,0.0,0.0,0.0,0.0,9.2177
0.0,0.0,0.0,0.0,0.0,0.0,9.1573
0.0,0.0,0.0,0.0,0.0,0.0,9.4936
0.0,0.0,0.0,0.0,0.0,0.0,9.6819
0.0,0.0,0.0,0.0,0.0,0.0,10.005
0.0,0.0,0.0,0.0,0.0,0.0,9.417
0.0,0.0,0.0,0.0,0.0,0.0,9.6064
0.0,0.0,0.0,0.0,0.0,0.0,18.788
0.0,0.0,0.0,0.0,0.0,0.0,17.192
0.0,0.0,0.0,0.0,0.0,0.0,17.464000000000002
0.0,0.0,0.0,0.0,0.0,0.0,13.388
0.0,0.0,0.0,0.0,0.0,0.0,13.349
0.0,0.0,0.0,0.0,0.0,0.0,13.502
0.0,0.0,0.0,0.0,0.0,0.0,13.401
0.0,0.0,0.0,0.0,0.0,0.0,13.276
0.0,0.0,0.0,0.0,0.0,0.0,15.344
0.0,0.0,0.0,0.0,0.0,0.0,13.53
0.0,0.0,0.0,0.0,0.0,0.0,14.087
0.0,0.0,0.0,0.0,0.0,0.0,14.151
0.0,0.0,0.0,0.0,0.0,0.0,15.053
0.0,0.0,0.0,0.0,0.0,0.0,16.725
0.0,0.0,0.0,0.0,0.0,0.0,16.664
0.0,0.0,0.0,0.0,0.0,0.0,11.763
0.0,0.0,0.0,0.0,0.0,0.0,11.927
0.0,0.0,0.0,0.0,0.0,0.0,12.2
0.0,0.0,0.0,0.0,0.0,0.0,12.179
0.0,0.0,0.0,0.0,0.0,0.0,11.913
0.0,0.0,0.0,0.0,0.0,0.0,12.193
0.0,0.0,0.0,0.0,0.0,0.0,12.247
0.0,0.0,0.0,0.0,0.0,0.0,13.308
0.0,0.0,0.0,0.0,0.0,0.0,12.345999999999998
0.0,0.0,0.0,0.0,0.0,0.0,17.256
0.0,0.0,0.0,0.0,0.0,0.0,16.334
0.0,0.0,0.0,0.0,0.0,0.0,16.692999999999998
0.0,0.0,0.0,0.0,0.0,0.0,13.635
0.0,0.0,0.0,0.0,0.0,0.0,13.692
0.0,0.0,0.0,0.0,0.0,0.0,13.7
0.0,0.0,0.0,0.0,0.0,0.0,12.653
0.0,0.0,0.0,0.0,0.0,0.0,12.983
0.0,0.0,0.0,0.0,0.0,0.0,13.092
0.0,0.0,0.0,0.0,0.0,0.0,13.665
0.0,0.0,0.0,0.0,0.0,0.0,13.743
0.0,0.0,0.0,0.0,0.0,0.0,13.637
0.0,0.0,0.0,0.0,0.0,0.0,16.455
0.0,0.0,0.0,0.0,0.0,0.0,16.250999999999998
0.0,0.0,0.0,0.0,0.0,0.0,17.871
0.0,0.0,0.0,0.0,0.0,0.0,14.083
0.0,0.0,0.0,0.0,0.0,0.0,13.819
0.0,0.0,0.0,0.0,0.0,0.0,13.804
0.0,0.0,0.0,0.0,0.0,0.0,13.904000000000002
0.0,0.0,0.0,0.0,0.0,0.0,13.792
0.0,0.0,0.0,0.0,0.0,0.0,14.348
0.0,0.0,0.0,0.0,0.0,0.0,14.95
0.0,0.0,0.0,0.0,0.0,0.0,13.324000000000002
0.0,0.0,0.0,0.0,0.0,0.0,15.064
0.0,0.0,0.0,0.0,0.0,0.0,101.14
0.0,0.0,0.0,0.0,0.0,0.0,100.88
0.0,0.0,0.0,0.0,0.0,0.0,100.73
0.0,0.0,0.0,0.0,0.0,0.0,100.89
0.0,0.0,0.0,0.0,0.0,0.0,101.2
0.0,0.0,0.0,0.0,0.0,0.0,112.1
0.0,0.0,0.0,0.0,0.0,0.0,100.78
0.0,0.0,0.0,0.0,0.0,0.0,100.39
0.0,0.0,0.0,0.0,0.0,0.0,100.7
0.0,0.0,0.0,0.0,0.0,0.0,100.55
0.0,0.0,0.0,0.0,0.0,0.0,100.83
0.0,0.0,0.0,0.0,0.0,0.0,101.3
0.0,0.0,0.0,0.0,0.0,0.0,100.72
0.0,0.0,0.0,0.0,0.0,0.0,110.25
0.0,0.0,0.0,0.0,0.0,0.0,111.22
0.0,0.0,0.0,0.0,0.0,0.0,101.22
0.0,0.0,0.0,0.0,0.0,0.0,100.9
0.0,0.0,0.0,0.0,0.0,0.0,101.07
0.0,0.0,0.0,0.0,0.0,0.0,101.34
0.0,0.0,0.0,0.0,0.0,0.0,101.03
0.0,0.0,0.0,0.0,0.0,0.0,112.8
0.0,0.0,0.0,0.0,0.0,0.0,101.58
0.0,0.0,0.0,0.0,0.0,0.0,100.92
0.0,0.0,0.0,0.0,0.0,0.0,100.64
0.0,0.0,0.0,0.0,0.0,0.0,100.1
0.0,0.0,0.0,0.0,0.0,0.0,100.29
0.0,0.0,0.0,0.0,0.0,0.0,112.39
0.0,0.0,0.0,0.0,0.0,0.0,100.63
0.0,0.0,0.0,0.0,0.0,0.0,100.89
0.0,0.0,0.0,0.0,0.0,0.0,100.54
0.0,0.0,0.0,0.0,0.0,0.0,99.636
0.0,0.0,0.0,0.0,0.0,0.0,100.54
0.0,0.0,0.0,0.0,0.0,0.0,99.949
0.0,0.0,0.0,0.0,0.0,0.0,101.0
0.0,0.0,0.0,0.0,0.0,0.0,100.74
0.0,0.0,0.0,0.0,0.0,0.0,100.4
0.0,0.0,0.0,0.0,0.0,0.0,100.23
0.0,0.0,0.0,0.0,0.0,0.0,100.52
0.0,0.0,0.0,0.0,0.0,0.0,119.01
0.0,0.0,0.0,0.0,0.0,0.0,109.93
0.0,0.0,0.0,0.0,0.0,0.0,99.152
0.0,0.0,0.0,0.0,0.0,0.0,110.2
0.0,0.0,0.0,0.0,0.0,0.0,98.764
0.0,0.0,0.0,0.0,0.0,0.0,98.596
0.0,0.0,0.0,0.0,0.0,0.0,100.84
0.0,0.0,0.0,0.0,0.0,0.0,100.41
0.0,0.0,0.0,0.0,0.0,0.0,99.147
0.0,0.0,0.0,0.0,0.0,0.0,98.501
0.0,0.0,0.0,0.0,0.0,0.0,120.25
0.0,0.0,0.0,0.0,0.0,0.0,111.63
0.0,0.0,0.0,0.0,0.0,0.0,120.11
0.0,0.0,0.0,0.0,0.0,0.0,89.0
0.0,0.0,0.0,0.0,0.0,0.0,87.48899999999998
0.0,0.0,0.0,0.0,0.0,0.0,84.245
0.0,0.0,0.0,0.0,0.0,0.0,79.122
0.0,0.0,0.0,0.0,0.0,0.0,77.813
0.0,0.0,0.0,0.0,0.0,0.0,86.103
0.0,0.0,0.0,0.0,0.0,0.0,71.096
0.0,0.0,0.0,0.0,0.0,0.0,69.527
0.0,0.0,0.0,0.0,0.0,0.0,70.55
0.0,0.0,0.0,0.0,0.0,0.0,132.39
0.0,0.0,0.0,0.0,0.0,0.0,134.75
0.0,0.0,0.0,0.0,0.0,0.0,130.98
0.0,0.0,0.0,0.0,0.0,0.0,73.065
0.0,0.0,0.0,0.0,0.0,0.0,73.835
0.0,0.0,0.0,0.0,0.0,0.0,71.676
0.0,0.0,0.0,0.0,0.0,0.0,65.039
0.0,0.0,0.0,0.0,0.0,0.0,63.288
0.0,0.0,0.0,0.0,0.0,0.0,58.673
0.0,0.0,0.0,0.0,0.0,0.0,49.909
0.0,0.0,0.0,0.0,0.0,0.0,53.99
0.0,0.0,0.0,0.0,0.0,0.0,53.029
0.0,0.0,0.0,0.0,0.0,0.0,124.3
0.0,0.0,0.0,0.0,0.0,0.0,118.77
0.0,0.0,0.0,0.0,0.0,0.0,131.27
0.0,0.0,0.0,0.0,0.0,0.0,89.609
0.0,0.0,0.0,0.0,0.0,0.0,87.581
0.0,0.0,0.0,0.0,0.0,0.0,91.652
0.0,0.0,0.0,0.0,0.0,0.0,76.98100000000002
0.0,0.0,0.0,0.0,0.0,0.0,83.93
0.0,0.0,0.0,0.0,0.0,0.0,78.834
0.0,0.0,0.0,0.0,0.0,0.0,73.699
0.0,0.0,0.0,0.0,0.0,0.0,75.626
0.0,0.0,0.0,0.0,0.0,0.0,79.929
0.0,0.0,0.0,0.0,0.0,0.0,121.51
0.0,0.0,0.0,0.0,0.0,0.0,115.62
0.0,0.0,0.0,0.0,0.0,0.0,116.83
0.0,0.0,0.0,0.0,0.0,0.0,85.06200000000003
0.0,0.0,0.0,0.0,0.0,0.0,89.475
0.0,0.0,0.0,0.0,0.0,0.0,92.724
0.0,0.0,0.0,0.0,0.0,0.0,88.285
0.0,0.0,0.0,0.0,0.0,0.0,88.64200000000002
0.0,0.0,0.0,0.0,0.0,0.0,79.706
0.0,0.0,0.0,0.0,0.0,0.0,70.458
0.0,0.0,0.0,0.0,0.0,0.0,82.49
0.0,0.0,0.0,0.0,0.0,0.0,75.42
0.0,0.0,0.0,0.0,0.0,0.0,118.26
0.0,0.0,0.0,0.0,0.0,0.0,112.23
0.0,0.0,0.0,0.0,0.0,0.0,118.21
0.0,0.0,0.0,0.0,0.0,0.0,85.4
0.0,0.0,0.0,0.0,0.0,0.0,79.113
0.0,0.0,0.0,0.0,0.0,0.0,84.045
0.0,0.0,0.0,0.0,0.0,0.0,76.439
0.0,0.0,0.0,0.0,0.0,0.0,73.48899999999998
0.0,0.0,0.0,0.0,0.0,0.0,81.28
0.0,0.0,0.0,0.0,0.0,0.0,71.058
0.0,0.0,0.0,0.0,0.0,0.0,68.169
0.0,0.0,0.0,0.0,0.0,0.0,70.434
0.0,0.0,0.0,0.0,0.0,0.0,126.27
0.0,0.0,0.0,0.0,0.0,0.0,129.4
0.0,0.0,0.0,0.0,0.0,0.0,131.93
0.0,0.0,0.0,0.0,0.0,0.0,73.867
0.0,0.0,0.0,0.0,0.0,0.0,69.57300000000001
0.0,0.0,0.0,0.0,0.0,0.0,77.249
0.0,0.0,0.0,0.0,0.0,0.0,60.602
0.0,0.0,0.0,0.0,0.0,0.0,59.594
0.0,0.0,0.0,0.0,0.0,0.0,63.24100000000001
0.0,0.0,0.0,0.0,0.0,0.0,55.708
0.0,0.0,0.0,0.0,0.0,0.0,49.377
0.0,0.0,0.0,0.0,0.0,0.0,56.16
0.0,0.0,0.0,0.0,0.0,0.0,114.99
0.0,0.0,0.0,0.0,0.0,0.0,117.99
0.0,0.0,0.0,0.0,0.0,0.0,118.07
0.0,0.0,0.0,0.0,0.0,0.0,76.493
0.0,0.0,0.0,0.0,0.0,0.0,83.58
0.0,0.0,0.0,0.0,0.0,0.0,82.415
0.0,0.0,0.0,0.0,0.0,0.0,77.449
0.0,0.0,0.0,0.0,0.0,0.0,78.682
0.0,0.0,0.0,0.0,0.0,0.0,75.72
0.0,0.0,0.0,0.0,0.0,0.0,74.442
0.0,0.0,0.0,0.0,0.0,0.0,74.89699999999998
0.0,0.0,0.0,0.0,0.0,0.0,75.714
0.0,0.0,0.0,0.0,0.0,0.0,110.66
0.0,0.0,0.0,0.0,0.0,0.0,109.53
0.0,0.0,0.0,0.0,0.0,0.0,125.27
0.0,0.0,0.0,0.0,0.0,0.0,83.458
0.0,0.0,0.0,0.0,0.0,0.0,84.443
0.0,0.0,0.0,0.0,0.0,0.0,82.038
0.0,0.0,0.0,0.0,0.0,0.0,76.766
0.0,0.0,0.0,0.0,0.0,0.0,78.50399999999998
0.0,0.0,0.0,0.0,0.0,0.0,74.479
0.0,0.0,0.0,0.0,0.0,0.0,71.85
0.0,0.0,0.0,0.0,0.0,0.0,75.264
0.0,0.0,0.0,0.0,0.0,0.0,74.84100000000002
0.0,0.0,0.0,0.0,0.0,0.0,112.11
0.0,0.0,0.0,0.0,0.0,0.0,108.16
0.0,0.0,0.0,0.0,0.0,0.0,119.16
0.0,0.0,0.0,0.0,0.0,0.0,78.327
0.0,0.0,0.0,0.0,0.0,0.0,75.554
0.0,0.0,0.0,0.0,0.0,0.0,81.794
0.0,0.0,0.0,0.0,0.0,0.0,76.45
0.0,0.0,0.0,0.0,0.0,0.0,80.33
0.0,0.0,0.0,0.0,0.0,0.0,73.933
0.0,0.0,0.0,0.0,0.0,0.0,64.58800000000001
0.0,0.0,0.0,0.0,0.0,0.0,67.05
0.0,0.0,0.0,0.0,0.0,0.0,72.333
0.0,0.0,0.0,0.0,0.0,0.0,121.74
0.0,0.0,0.0,0.0,0.0,0.0,128.17
0.0,0.0,0.0,0.0,0.0,0.0,125.33
0.0,0.0,0.0,0.0,0.0,0.0,75.491
0.0,0.0,0.0,0.0,0.0,0.0,76.69800000000002
0.0,0.0,0.0,0.0,0.0,0.0,75.643
0.0,0.0,0.0,0.0,0.0,0.0,59.74800000000001
0.0,0.0,0.0,0.0,0.0,0.0,61.849
0.0,0.0,0.0,0.0,0.0,0.0,61.292
0.0,0.0,0.0,0.0,0.0,0.0,52.223
0.0,0.0,0.0,0.0,0.0,0.0,52.066
0.0,0.0,0.0,0.0,0.0,0.0,50.396
0.0,0.0,0.0,0.0,0.0,0.0,121.2
0.0,0.0,0.0,0.0,0.0,0.0,123.62
0.0,0.0,0.0,0.0,0.0,0.0,117.75
0.0,0.0,0.0,0.0,0.0,0.0,82.262
0.0,0.0,0.0,0.0,0.0,0.0,80.868
0.0,0.0,0.0,0.0,0.0,0.0,81.78699999999998
0.0,0.0,0.0,0.0,0.0,0.0,78.273
0.0,0.0,0.0,0.0,0.0,0.0,75.74600000000002
0.0,0.0,0.0,0.0,0.0,0.0,72.259
0.0,0.0,0.0,0.0,0.0,0.0,70.889
0.0,0.0,0.0,0.0,0.0,0.0,74.225
0.0,0.0,0.0,0.0,0.0,0.0,75.084
0.0,0.0,0.0,0.0,0.0,0.0,115.94
0.0,0.0,0.0,0.0,0.0,0.0,110.85
0.0,0.0,0.0,0.0,0.0,0.0,115.35
0.0,0.0,0.0,0.0,0.0,0.0,78.361
0.0,0.0,0.0,0.0,0.0,0.0,81.517
0.0,0.0,0.0,0.0,0.0,0.0,79.352
0.0,0.0,0.0,0.0,0.0,0.0,73.666
0.0,0.0,0.0,0.0,0.0,0.0,76.556
0.0,0.0,0.0,0.0,0.0,0.0,77.118
0.0,0.0,0.0,0.0,0.0,0.0,76.236
0.0,0.0,0.0,0.0,0.0,0.0,70.311
0.0,0.0,0.0,0.0,0.0,0.0,69.748
0.0,0.0,0.0,0.0,0.0,0.0,109.6
0.0,0.0,0.0,0.0,0.0,0.0,110.38
0.0,0.0,0.0,0.0,0.0,0.0,116.93
0.0,0.0,0.0,0.0,0.0,0.0,80.154
0.0,0.0,0.0,0.0,0.0,0.0,77.247
0.0,0.0,0.0,0.0,0.0,0.0,81.861
0.0,0.0,0.0,0.0,0.0,0.0,72.385
0.0,0.0,0.0,0.0,0.0,0.0,73.736
0.0,0.0,0.0,0.0,0.0,0.0,77.49600000000002
0.0,0.0,0.0,0.0,0.0,0.0,66.569
0.0,0.0,0.0,0.0,0.0,0.0,71.367
0.0,0.0,0.0,0.0,0.0,0.0,67.393
0.0,0.0,0.0,0.0,0.0,0.0,120.24
0.0,0.0,0.0,0.0,0.0,0.0,123.16
0.0,0.0,0.0,0.0,0.0,0.0,134.91
0.0,0.0,0.0,0.0,0.0,0.0,66.595
0.0,0.0,0.0,0.0,0.0,0.0,67.209
0.0,0.0,0.0,0.0,0.0,0.0,67.252
0.0,0.0,0.0,0.0,0.0,0.0,61.74
0.0,0.0,0.0,0.0,0.0,0.0,55.058
0.0,0.0,0.0,0.0,0.0,0.0,60.76
0.0,0.0,0.0,0.0,0.0,0.0,50.19
0.0,0.0,0.0,0.0,0.0,0.0,45.261
0.0,0.0,0.0,0.0,0.0,0.0,51.913
0.0,0.0,0.0,0.0,0.0,0.0,114.62
0.0,0.0,0.0,0.0,0.0,0.0,111.84
0.0,0.0,0.0,0.0,0.0,0.0,117.66
0.0,0.0,0.0,0.0,0.0,0.0,78.554
0.0,0.0,0.0,0.0,0.0,0.0,81.377
0.0,0.0,0.0,0.0,0.0,0.0,81.667
0.0,0.0,0.0,0.0,0.0,0.0,71.633
0.0,0.0,0.0,0.0,0.0,0.0,71.127
0.0,0.0,0.0,0.0,0.0,0.0,72.388
0.0,0.0,0.0,0.0,0.0,0.0,67.503
0.0,0.0,0.0,0.0,0.0,0.0,67.506
0.0,0.0,0.0,0.0,0.0,0.0,66.309
0.0,0.0,0.0,0.0,0.0,0.0,103.14
0.0,0.0,0.0,0.0,0.0,0.0,114.96
0.0,0.0,0.0,0.0,0.0,0.0,108.4
0.0,0.0,0.0,0.0,0.0,0.0,72.553
0.0,0.0,0.0,0.0,0.0,0.0,79.749
0.0,0.0,0.0,0.0,0.0,0.0,75.39699999999998
0.0,0.0,0.0,0.0,0.0,0.0,70.796
0.0,0.0,0.0,0.0,0.0,0.0,73.653
0.0,0.0,0.0,0.0,0.0,0.0,69.949
0.0,0.0,0.0,0.0,0.0,0.0,60.871
0.0,0.0,0.0,0.0,0.0,0.0,65.319
0.0,0.0,0.0,0.0,0.0,0.0,68.183
0.0,0.0,0.0,0.0,0.0,0.0,137.15
0.0,0.0,0.0,0.0,0.0,0.0,138.14
0.0,0.0,0.0,0.0,0.0,0.0,140.3
0.0,0.0,0.0,0.0,0.0,0.0,113.51
0.0,0.0,0.0,0.0,0.0,0.0,113.52
0.0,0.0,0.0,0.0,0.0,0.0,112.77
0.0,0.0,0.0,0.0,0.0,0.0,116.77
0.0,0.0,0.0,0.0,0.0,0.0,114.22
0.0,0.0,0.0,0.0,0.0,0.0,112.34
0.0,0.0,0.0,0.0,0.0,0.0,113.05
0.0,0.0,0.0,0.0,0.0,0.0,110.19
0.0,0.0,0.0,0.0,0.0,0.0,121.0
0.0,0.0,0.0,0.0,0.0,0.0,129.51
0.0,0.0,0.0,0.0,0.0,0.0,132.73
0.0,0.0,0.0,0.0,0.0,0.0,131.22
0.0,0.0,0.0,0.0,0.0,0.0,109.86
0.0,0.0,0.0,0.0,0.0,0.0,111.8
0.0,0.0,0.0,0.0,0.0,0.0,110.72
0.0,0.0,0.0,0.0,0.0,0.0,113.32
0.0,0.0,0.0,0.0,0.0,0.0,109.88
0.0,0.0,0.0,0.0,0.0,0.0,109.85
0.0,0.0,0.0,0.0,0.0,0.0,111.49
0.0,0.0,0.0,0.0,0.0,0.0,110.51
0.0,0.0,0.0,0.0,0.0,0.0,113.99
0.0,0.0,0.0,0.0,0.0,0.0,125.66
0.0,0.0,0.0,0.0,0.0,0.0,126.07
0.0,0.0,0.0,0.0,0.0,0.0,130.16
0.0,0.0,0.0,0.0,0.0,0.0,116.38
0.0,0.0,0.0,0.0,0.0,0.0,114.26
0.0,0.0,0.0,0.0,0.0,0.0,115.33
0.0,0.0,0.0,0.0,0.0,0.0,115.08
0.0,0.0,0.0,0.0,0.0,0.0,118.61
0.0,0.0,0.0,0.0,0.0,0.0,112.57
0.0,0.0,0.0,0.0,0.0,0.0,113.05
0.0,0.0,0.0,0.0,0.0,0.0,119.72
0.0,0.0,0.0,0.0,0.0,0.0,117.66
0.0,0.0,0.0,0.0,0.0,0.0,125.48
0.0,0.0,0.0,0.0,0.0,0.0,127.95
0.0,0.0,0.0,0.0,0.0,0.0,128.94
0.0,0.0,0.0,0.0,0.0,0.0,118.61
0.0,0.0,0.0,0.0,0.0,0.0,117.4
0.0,0.0,0.0,0.0,0.0,0.0,120.44
0.0,0.0,0.0,0.0,0.0,0.0,118.43
0.0,0.0,0.0,0.0,0.0,0.0,114.85
0.0,0.0,0.0,0.0,0.0,0.0,116.83
0.0,0.0,0.0,0.0,0.0,0.0,118.99
0.0,0.0,0.0,0.0,0.0,0.0,120.9
0.0,0.0,0.0,0.0,0.0,0.0,118.29
0.0,0.0,0.0,0.0,0.0,0.0,1043.7
0.0,0.0,0.0,0.0,0.0,0.0,1046.9
0.0,0.0,0.0,0.0,0.0,0.0,1105.4
0.0,0.0,0.0,0.0,0.0,0.0,733.88
0.0,0.0,0.0,0.0,0.0,0.0,723.56
0.0,0.0,0.0,0.0,0.0,0.0,727.19
0.0,0.0,0.0,0.0,0.0,0.0,689.6
0.0,0.0,0.0,0.0,0.0,0.0,668.82
0.0,0.0,0.0,0.0,0.0,0.0,675.76
0.0,0.0,0.0,0.0,0.0,0.0,622.82
0.0,0.0,0.0,0.0,0.0,0.0,660.07
0.0,0.0,0.0,0.0,0.0,0.0,679.93
0.0,0.0,0.0,0.0,0.0,0.0,1277.9
0.0,0.0,0.0,0.0,0.0,0.0,1236.8
0.0,0.0,0.0,0.0,0.0,0.0,1311.4
0.0,0.0,0.0,0.0,0.0,0.0,725.45
0.0,0.0,0.0,0.0,0.0,0.0,697.72
0.0,0.0,0.0,0.0,0.0,0.0,618.57
0.0,0.0,0.0,0.0,0.0,0.0,576.86
0.0,0.0,0.0,0.0,0.0,0.0,667.47
0.0,0.0,0.0,0.0,0.0,0.0,539.19
0.0,0.0,0.0,0.0,0.0,0.0,587.15
0.0,0.0,0.0,0.0,0.0,0.0,505.82
0.0,0.0,0.0,0.0,0.0,0.0,495.61
0.0,0.0,0.0,0.0,0.0,0.0,1006.6
0.0,0.0,0.0,0.0,0.0,0.0,1017.5
0.0,0.0,0.0,0.0,0.0,0.0,1070.7
0.0,0.0,0.0,0.0,0.0,0.0,672.56
0.0,0.0,0.0,0.0,0.0,0.0,634.55
0.0,0.0,0.0,0.0,0.0,0.0,657.49
0.0,0.0,0.0,0.0,0.0,0.0,622.16
0.0,0.0,0.0,0.0,0.0,0.0,643.52
0.0,0.0,0.0,0.0,0.0,0.0,617.14
0.0,0.0,0.0,0.0,0.0,0.0,655.6
0.0,0.0,0.0,0.0,0.0,0.0,599.38
0.0,0.0,0.0,0.0,0.0,0.0,646.54
0.0,0.0,0.0,0.0,0.0,0.0,1027.3
0.0,0.0,0.0,0.0,0.0,0.0,984.73
0.0,0.0,0.0,0.0,0.0,0.0,1091.0
0.0,0.0,0.0,0.0,0.0,0.0,649.36
0.0,0.0,0.0,0.0,0.0,0.0,668.17
0.0,0.0,0.0,0.0,0.0,0.0,639.89
0.0,0.0,0.0,0.0,0.0,0.0,576.14
0.0,0.0,0.0,0.0,0.0,0.0,565.29
0.0,0.0,0.0,0.0,0.0,0.0,633.45
0.0,0.0,0.0,0.0,0.0,0.0,537.7
0.0,0.0,0.0,0.0,0.0,0.0,550.61
0.0,0.0,0.0,0.0,0.0,0.0,506.64
0.0,0.0,0.0,0.0,0.0,0.0,1011.2
0.0,0.0,0.0,0.0,0.0,0.0,1095.2
0.0,0.0,0.0,0.0,0.0,0.0,1152.4
0.0,0.0,0.0,0.0,0.0,0.0,735.82
0.0,0.0,0.0,0.0,0.0,0.0,678.35
0.0,0.0,0.0,0.0,0.0,0.0,755.28
0.0,0.0,0.0,0.0,0.0,0.0,646.97
0.0,0.0,0.0,0.0,0.0,0.0,664.95
0.0,0.0,0.0,0.0,0.0,0.0,688.25
0.0,0.0,0.0,0.0,0.0,0.0,621.36
0.0,0.0,0.0,0.0,0.0,0.0,703.09
0.0,0.0,0.0,0.0,0.0,0.0,608.04
0.0,0.0,0.0,0.0,0.0,0.0,1171.9
0.0,0.0,0.0,0.0,0.0,0.0,1192.6
0.0,0.0,0.0,0.0,0.0,0.0,1249.7
0.0,0.0,0.0,0.0,0.0,0.0,740.25
0.0,0.0,0.0,0.0,0.0,0.0,671.88
0.0,0.0,0.0,0.0,0.0,0.0,693.1
0.0,0.0,0.0,0.0,0.0,0.0,623.41
0.0,0.0,0.0,0.0,0.0,0.0,562.76
0.0,0.0,0.0,0.0,0.0,0.0,593.68
0.0,0.0,0.0,0.0,0.0,0.0,518.32
0.0,0.0,0.0,0.0,0.0,0.0,506.8
0.0,0.0,0.0,0.0,0.0,0.0,532.47
0.0,0.0,0.0,0.0,0.0,0.0,1011.7
0.0,0.0,0.0,0.0,0.0,0.0,1005.4
0.0,0.0,0.0,0.0,0.0,0.0,1138.5
0.0,0.0,0.0,0.0,0.0,0.0,655.39
0.0,0.0,0.0,0.0,0.0,0.0,664.83
0.0,0.0,0.0,0.0,0.0,0.0,677.76
0.0,0.0,0.0,0.0,0.0,0.0,658.42
0.0,0.0,0.0,0.0,0.0,0.0,612.44
0.0,0.0,0.0,0.0,0.0,0.0,626.28
0.0,0.0,0.0,0.0,0.0,0.0,596.66
0.0,0.0,0.0,0.0,0.0,0.0,557.7
0.0,0.0,0.0,0.0,0.0,0.0,601.38
0.0,0.0,0.0,0.0,0.0,0.0,1076.0
0.0,0.0,0.0,0.0,0.0,0.0,982.76
0.0,0.0,0.0,0.0,0.0,0.0,1072.3
0.0,0.0,0.0,0.0,0.0,0.0,674.03
0.0,0.0,0.0,0.0,0.0,0.0,614.57
0.0,0.0,0.0,0.0,0.0,0.0,658.04
0.0,0.0,0.0,0.0,0.0,0.0,567.78
0.0,0.0,0.0,0.0,0.0,0.0,662.01
0.0,0.0,0.0,0.0,0.0,0.0,495.29
0.0,0.0,0.0,0.0,0.0,0.0,503.75
0.0,0.0,0.0,0.0,0.0,0.0,525.11
0.0,0.0,0.0,0.0,0.0,0.0,516.54
0.0,0.0,0.0,0.0,0.0,0.0,1129.7
0.0,0.0,0.0,0.0,0.0,0.0,987.96
0.0,0.0,0.0,0.0,0.0,0.0,994.83
0.0,0.0,0.0,0.0,0.0,0.0,693.63
0.0,0.0,0.0,0.0,0.0,0.0,692.87
0.0,0.0,0.0,0.0,0.0,0.0,772.29
0.0,0.0,0.0,0.0,0.0,0.0,645.79
0.0,0.0,0.0,0.0,0.0,0.0,648.21
0.0,0.0,0.0,0.0,0.0,0.0,690.01
0.0,0.0,0.0,0.0,0.0,0.0,598.67
0.0,0.0,0.0,0.0,0.0,0.0,651.44
0.0,0.0,0.0,0.0,0.0,0.0,599.35
0.0,0.0,0.0,0.0,0.0,0.0,1146.3
0.0,0.0,0.0,0.0,0.0,0.0,1168.6
0.0,0.0,0.0,0.0,0.0,0.0,1155.7
0.0,0.0,0.0,0.0,0.0,0.0,751.47
0.0,0.0,0.0,0.0,0.0,0.0,757.18
0.0,0.0,0.0,0.0,0.0,0.0,670.02
0.0,0.0,0.0,0.0,0.0,0.0,544.72
0.0,0.0,0.0,0.0,0.0,0.0,646.41
0.0,0.0,0.0,0.0,0.0,0.0,573.42
0.0,0.0,0.0,0.0,0.0,0.0,502.86
0.0,0.0,0.0,0.0,0.0,0.0,469.32
0.0,0.0,0.0,0.0,0.0,0.0,561.37
0.0,0.0,0.0,0.0,0.0,0.0,989.83
0.0,0.0,0.0,0.0,0.0,0.0,1120.8
0.0,0.0,0.0,0.0,0.0,0.0,972.15
0.0,0.0,0.0,0.0,0.0,0.0,625.5
0.0,0.0,0.0,0.0,0.0,0.0,654.63
0.0,0.0,0.0,0.0,0.0,0.0,627.11
0.0,0.0,0.0,0.0,0.0,0.0,602.18
0.0,0.0,0.0,0.0,0.0,0.0,614.02
0.0,0.0,0.0,0.0,0.0,0.0,593.98
0.0,0.0,0.0,0.0,0.0,0.0,565.14
0.0,0.0,0.0,0.0,0.0,0.0,588.66
0.0,0.0,0.0,0.0,0.0,0.0,591.41
0.0,0.0,0.0,0.0,0.0,0.0,982.66
0.0,0.0,0.0,0.0,0.0,0.0,997.47
0.0,0.0,0.0,0.0,0.0,0.0,1064.9
0.0,0.0,0.0,0.0,0.0,0.0,650.79
0.0,0.0,0.0,0.0,0.0,0.0,585.96
0.0,0.0,0.0,0.0,0.0,0.0,600.89
0.0,0.0,0.0,0.0,0.0,0.0,550.8
0.0,0.0,0.0,0.0,0.0,0.0,579.64
0.0,0.0,0.0,0.0,0.0,0.0,522.26
0.0,0.0,0.0,0.0,0.0,0.0,555.14
0.0,0.0,0.0,0.0,0.0,0.0,554.26
0.0,0.0,0.0,0.0,0.0,0.0,553.41
0.0,0.0,0.0,0.0,0.0,0.0,1102.0
0.0,0.0,0.0,0.0,0.0,0.0,988.72
0.0,0.0,0.0,0.0,0.0,0.0,1074.9
0.0,0.0,0.0,0.0,0.0,0.0,647.77
0.0,0.0,0.0,0.0,0.0,0.0,669.19
0.0,0.0,0.0,0.0,0.0,0.0,703.65
0.0,0.0,0.0,0.0,0.0,0.0,679.14
0.0,0.0,0.0,0.0,0.0,0.0,613.48
0.0,0.0,0.0,0.0,0.0,0.0,617.39
0.0,0.0,0.0,0.0,0.0,0.0,612.78
0.0,0.0,0.0,0.0,0.0,0.0,601.23
0.0,0.0,0.0,0.0,0.0,0.0,555.35
0.0,0.0,0.0,0.0,0.0,0.0,1109.1
0.0,0.0,0.0,0.0,0.0,0.0,1090.1
0.0,0.0,0.0,0.0,0.0,0.0,1049.0
0.0,0.0,0.0,0.0,0.0,0.0,636.19
0.0,0.0,0.0,0.0,0.0,0.0,735.57
0.0,0.0,0.0,0.0,0.0,0.0,707.1
0.0,0.0,0.0,0.0,0.0,0.0,568.79
0.0,0.0,0.0,0.0,0.0,0.0,591.05
0.0,0.0,0.0,0.0,0.0,0.0,584.09
0.0,0.0,0.0,0.0,0.0,0.0,574.9
0.0,0.0,0.0,0.0,0.0,0.0,494.87
0.0,0.0,0.0,0.0,0.0,0.0,545.25
0.0,0.0,0.0,0.0,0.0,0.0,1024.5
0.0,0.0,0.0,0.0,0.0,0.0,996.58
0.0,0.0,0.0,0.0,0.0,0.0,1048.1
0.0,0.0,0.0,0.0,0.0,0.0,620.6
0.0,0.0,0.0,0.0,0.0,0.0,665.13
0.0,0.0,0.0,0.0,0.0,0.0,661.16
0.0,0.0,0.0,0.0,0.0,0.0,596.15
0.0,0.0,0.0,0.0,0.0,0.0,614.8
0.0,0.0,0.0,0.0,0.0,0.0,586.16
0.0,0.0,0.0,0.0,0.0,0.0,572.63
0.0,0.0,0.0,0.0,0.0,0.0,613.16
0.0,0.0,0.0,0.0,0.0,0.0,556.88
0.0,0.0,0.0,0.0,0.0,0.0,986.55
0.0,0.0,0.0,0.0,0.0,0.0,1038.0
0.0,0.0,0.0,0.0,0.0,0.0,1001.9
0.0,0.0,0.0,0.0,0.0,0.0,640.85
0.0,0.0,0.0,0.0,0.0,0.0,646.56
0.0,0.0,0.0,0.0,0.0,0.0,577.01
0.0,0.0,0.0,0.0,0.0,0.0,571.35
0.0,0.0,0.0,0.0,0.0,0.0,539.18
0.0,0.0,0.0,0.0,0.0,0.0,521.59
0.0,0.0,0.0,0.0,0.0,0.0,576.58
0.0,0.0,0.0,0.0,0.0,0.0,487.25
0.0,0.0,0.0,0.0,0.0,0.0,509.83
0.0,0.0,0.0,0.0,0.0,0.0,1039.4
0.0,0.0,0.0,0.0,0.0,0.0,1072.2
0.0,0.0,0.0,0.0,0.0,0.0,953.41
0.0,0.0,0.0,0.0,0.0,0.0,666.6
0.0,0.0,0.0,0.0,0.0,0.0,654.24
0.0,0.0,0.0,0.0,0.0,0.0,704.63
0.0,0.0,0.0,0.0,0.0,0.0,681.77
0.0,0.0,0.0,0.0,0.0,0.0,611.22
0.0,0.0,0.0,0.0,0.0,0.0,705.55
0.0,0.0,0.0,0.0,0.0,0.0,601.56
0.0,0.0,0.0,0.0,0.0,0.0,583.63
0.0,0.0,0.0,0.0,0.0,0.0,624.3
0.0,0.0,0.0,0.0,0.0,0.0,1099.6
0.0,0.0,0.0,0.0,0.0,0.0,1130.1
0.0,0.0,0.0,0.0,0.0,0.0,1111.3
0.0,0.0,0.0,0.0,0.0,0.0,671.29
0.0,0.0,0.0,0.0,0.0,0.0,666.26
0.0,0.0,0.0,0.0,0.0,0.0,712.08
0.0,0.0,0.0,0.0,0.0,0.0,603.18
0.0,0.0,0.0,0.0,0.0,0.0,562.36
0.0,0.0,0.0,0.0,0.0,0.0,589.08
0.0,0.0,0.0,0.0,0.0,0.0,527.55
0.0,0.0,0.0,0.0,0.0,0.0,530.12
0.0,0.0,0.0,0.0,0.0,0.0,496.04
0.0,0.0,0.0,0.0,0.0,0.0,943.22
0.0,0.0,0.0,0.0,0.0,0.0,1040.9
0.0,0.0,0.0,0.0,0.0,0.0,905.19
0.0,0.0,0.0,0.0,0.0,0.0,622.96
0.0,0.0,0.0,0.0,0.0,0.0,661.72
0.0,0.0,0.0,0.0,0.0,0.0,619.64
0.0,0.0,0.0,0.0,0.0,0.0,582.32
0.0,0.0,0.0,0.0,0.0,0.0,593.15
0.0,0.0,0.0,0.0,0.0,0.0,575.91
0.0,0.0,0.0,0.0,0.0,0.0,621.46
0.0,0.0,0.0,0.0,0.0,0.0,590.85
0.0,0.0,0.0,0.0,0.0,0.0,581.89
0.0,0.0,0.0,0.0,0.0,0.0,934.54
0.0,0.0,0.0,0.0,0.0,0.0,950.42
0.0,0.0,0.0,0.0,0.0,0.0,937.36
0.0,0.0,0.0,0.0,0.0,0.0,629.59
0.0,0.0,0.0,0.0,0.0,0.0,608.73
0.0,0.0,0.0,0.0,0.0,0.0,618.66
0.0,0.0,0.0,0.0,0.0,0.0,595.7
0.0,0.0,0.0,0.0,0.0,0.0,604.36
0.0,0.0,0.0,0.0,0.0,0.0,524.38
0.0,0.0,0.0,0.0,0.0,0.0,481.6
0.0,0.0,0.0,0.0,0.0,0.0,506.55
0.0,0.0,0.0,0.0,0.0,0.0,548.48
0.0,0.0,0.0,0.0,0.0,0.0,19747.0
0.0,0.0,0.0,0.0,0.0,0.0,19553.0
0.0,0.0,0.0,0.0,0.0,0.0,19739.0
0.0,0.0,0.0,0.0,0.0,0.0,5856.1
0.0,0.0,0.0,0.0,0.0,0.0,5642.2
0.0,0.0,0.0,0.0,0.0,0.0,6237.6
0.0,0.0,0.0,0.0,0.0,0.0,5008.1
0.0,0.0,0.0,0.0,0.0,0.0,4993.6
0.0,0.0,0.0,0.0,0.0,0.0,5223.5
0.0,0.0,0.0,0.0,0.0,0.0,4862.0
0.0,0.0,0.0,0.0,0.0,0.0,7899.1
0.0,0.0,0.0,0.0,0.0,0.0,6112.7
0.0,0.0,0.0,0.0,0.0,0.0,24847.0
0.0,0.0,0.0,0.0,0.0,0.0,24971.0
0.0,0.0,0.0,0.0,0.0,0.0,24836.0
0.0,0.0,0.0,0.0,0.0,0.0,10031.0
0.0,0.0,0.0,0.0,0.0,0.0,10803.0
0.0,0.0,0.0,0.0,0.0,0.0,11463.0
0.0,0.0,0.0,0.0,0.0,0.0,4050.5
0.0,0.0,0.0,0.0,0.0,0.0,3708.0
0.0,0.0,0.0,0.0,0.0,0.0,4887.5
0.0,0.0,0.0,0.0,0.0,0.0,6635.5
0.0,0.0,0.0,0.0,0.0,0.0,3682.6
0.0,0.0,0.0,0.0,0.0,0.0,5435.4
0.0,0.0,0.0,0.0,0.0,0.0,17309.0
0.0,0.0,0.0,0.0,0.0,0.0,17216.0
0.0,0.0,0.0,0.0,0.0,0.0,17029.0
0.0,0.0,0.0,0.0,0.0,0.0,5623.9
0.0,0.0,0.0,0.0,0.0,0.0,6438.3
0.0,0.0,0.0,0.0,0.0,0.0,5655.3
0.0,0.0,0.0,0.0,0.0,0.0,5766.1
0.0,0.0,0.0,0.0,0.0,0.0,6449.8
0.0,0.0,0.0,0.0,0.0,0.0,5884.8
0.0,0.0,0.0,0.0,0.0,0.0,5433.5
0.0,0.0,0.0,0.0,0.0,0.0,5539.5
0.0,0.0,0.0,0.0,0.0,0.0,4942.6
0.0,0.0,0.0,0.0,0.0,0.0,15858.0
0.0,0.0,0.0,0.0,0.0,0.0,15578.0
0.0,0.0,0.0,0.0,0.0,0.0,15657.0
0.0,0.0,0.0,0.0,0.0,0.0,4164.3
0.0,0.0,0.0,0.0,0.0,0.0,4411.7
0.0,0.0,0.0,0.0,0.0,0.0,4471.8
0.0,0.0,0.0,0.0,0.0,0.0,3693.2
0.0,0.0,0.0,0.0,0.0,0.0,3178.4
0.0,0.0,0.0,0.0,0.0,0.0,3223.9
0.0,0.0,0.0,0.0,0.0,0.0,3364.2
0.0,0.0,0.0,0.0,0.0,0.0,3766.1
0.0,0.0,0.0,0.0,0.0,0.0,3217.9
0.0,0.0,0.0,0.0,0.0,0.0,20451.0
0.0,0.0,0.0,0.0,0.0,0.0,21263.0
0.0,0.0,0.0,0.0,0.0,0.0,20379.0
0.0,0.0,0.0,0.0,0.0,0.0,6119.1
0.0,0.0,0.0,0.0,0.0,0.0,6786.4
0.0,0.0,0.0,0.0,0.0,0.0,6232.7
0.0,0.0,0.0,0.0,0.0,0.0,6802.9
0.0,0.0,0.0,0.0,0.0,0.0,5669.4
0.0,0.0,0.0,0.0,0.0,0.0,5784.0
0.0,0.0,0.0,0.0,0.0,0.0,5184.9
0.0,0.0,0.0,0.0,0.0,0.0,5102.5
0.0,0.0,0.0,0.0,0.0,0.0,5618.9
0.0,0.0,0.0,0.0,0.0,0.0,24713.0
0.0,0.0,0.0,0.0,0.0,0.0,25828.0
0.0,0.0,0.0,0.0,0.0,0.0,23676.0
0.0,0.0,0.0,0.0,0.0,0.0,9212.4
0.0,0.0,0.0,0.0,0.0,0.0,9773.1
0.0,0.0,0.0,0.0,0.0,0.0,10884.0
0.0,0.0,0.0,0.0,0.0,0.0,5677.1
0.0,0.0,0.0,0.0,0.0,0.0,5115.1
0.0,0.0,0.0,0.0,0.0,0.0,3834.0
0.0,0.0,0.0,0.0,0.0,0.0,5257.6
0.0,0.0,0.0,0.0,0.0,0.0,4220.0
0.0,0.0,0.0,0.0,0.0,0.0,6924.2
0.0,0.0,0.0,0.0,0.0,0.0,17336.0
0.0,0.0,0.0,0.0,0.0,0.0,17058.0
0.0,0.0,0.0,0.0,0.0,0.0,16291.0
0.0,0.0,0.0,0.0,0.0,0.0,5680.3
0.0,0.0,0.0,0.0,0.0,0.0,5270.0
0.0,0.0,0.0,0.0,0.0,0.0,5804.5
0.0,0.0,0.0,0.0,0.0,0.0,5350.4
0.0,0.0,0.0,0.0,0.0,0.0,5860.4
0.0,0.0,0.0,0.0,0.0,0.0,6067.6
0.0,0.0,0.0,0.0,0.0,0.0,5648.8
0.0,0.0,0.0,0.0,0.0,0.0,6215.9
0.0,0.0,0.0,0.0,0.0,0.0,5420.4
0.0,0.0,0.0,0.0,0.0,0.0,14943.0
0.0,0.0,0.0,0.0,0.0,0.0,15524.0
0.0,0.0,0.0,0.0,0.0,0.0,21255.0
0.0,0.0,0.0,0.0,0.0,0.0,4338.0
0.0,0.0,0.0,0.0,0.0,0.0,3622.2
0.0,0.0,0.0,0.0,0.0,0.0,4129.4
0.0,0.0,0.0,0.0,0.0,0.0,3672.4
0.0,0.0,0.0,0.0,0.0,0.0,3530.9
0.0,0.0,0.0,0.0,0.0,0.0,3257.9
0.0,0.0,0.0,0.0,0.0,0.0,3584.8
0.0,0.0,0.0,0.0,0.0,0.0,4340.8
0.0,0.0,0.0,0.0,0.0,0.0,3536.9
0.0,0.0,0.0,0.0,0.0,0.0,23852.0
0.0,0.0,0.0,0.0,0.0,0.0,19620.0
0.0,0.0,0.0,0.0,0.0,0.0,22289.0
0.0,0.0,0.0,0.0,0.0,0.0,5949.1
0.0,0.0,0.0,0.0,0.0,0.0,7300.0
0.0,0.0,0.0,0.0,0.0,0.0,5035.3
0.0,0.0,0.0,0.0,0.0,0.0,4794.0
0.0,0.0,0.0,0.0,0.0,0.0,5131.8
0.0,0.0,0.0,0.0,0.0,0.0,6111.8
0.0,0.0,0.0,0.0,0.0,0.0,6781.8
0.0,0.0,0.0,0.0,0.0,0.0,4775.4
0.0,0.0,0.0,0.0,0.0,0.0,6080.4
0.0,0.0,0.0,0.0,0.0,0.0,23264.0
0.0,0.0,0.0,0.0,0.0,0.0,24345.0
0.0,0.0,0.0,0.0,0.0,0.0,26230.0
0.0,0.0,0.0,0.0,0.0,0.0,12779.0
0.0,0.0,0.0,0.0,0.0,0.0,8880.4
0.0,0.0,0.0,0.0,0.0,0.0,8636.0
0.0,0.0,0.0,0.0,0.0,0.0,5047.4
0.0,0.0,0.0,0.0,0.0,0.0,3444.5
0.0,0.0,0.0,0.0,0.0,0.0,3937.3
0.0,0.0,0.0,0.0,0.0,0.0,5601.9
0.0,0.0,0.0,0.0,0.0,0.0,2741.5
0.0,0.0,0.0,0.0,0.0,0.0,2827.5
0.0,0.0,0.0,0.0,0.0,0.0,16640.0
0.0,0.0,0.0,0.0,0.0,0.0,16551.0
0.0,0.0,0.0,0.0,0.0,0.0,16817.0
0.0,0.0,0.0,0.0,0.0,0.0,5584.1
0.0,0.0,0.0,0.0,0.0,0.0,5726.2
0.0,0.0,0.0,0.0,0.0,0.0,5314.0
0.0,0.0,0.0,0.0,0.0,0.0,5589.1
0.0,0.0,0.0,0.0,0.0,0.0,5417.1
0.0,0.0,0.0,0.0,0.0,0.0,6182.3
0.0,0.0,0.0,0.0,0.0,0.0,5022.5
0.0,0.0,0.0,0.0,0.0,0.0,4769.2
0.0,0.0,0.0,0.0,0.0,0.0,5013.2
0.0,0.0,0.0,0.0,0.0,0.0,14997.0
0.0,0.0,0.0,0.0,0.0,0.0,15130.0
0.0,0.0,0.0,0.0,0.0,0.0,14717.0
0.0,0.0,0.0,0.0,0.0,0.0,4382.1
0.0,0.0,0.0,0.0,0.0,0.0,3900.3
0.0,0.0,0.0,0.0,0.0,0.0,3838.8
0.0,0.0,0.0,0.0,0.0,0.0,3396.2
0.0,0.0,0.0,0.0,0.0,0.0,3404.7
0.0,0.0,0.0,0.0,0.0,0.0,3390.3
0.0,0.0,0.0,0.0,0.0,0.0,3479.9
0.0,0.0,0.0,0.0,0.0,0.0,3675.2
0.0,0.0,0.0,0.0,0.0,0.0,3510.0
0.0,0.0,0.0,0.0,0.0,0.0,19083.0
0.0,0.0,0.0,0.0,0.0,0.0,20498.0
0.0,0.0,0.0,0.0,0.0,0.0,20394.0
0.0,0.0,0.0,0.0,0.0,0.0,5030.1
0.0,0.0,0.0,0.0,0.0,0.0,4775.2
0.0,0.0,0.0,0.0,0.0,0.0,5242.7
0.0,0.0,0.0,0.0,0.0,0.0,4834.8
0.0,0.0,0.0,0.0,0.0,0.0,4444.7
0.0,0.0,0.0,0.0,0.0,0.0,4919.3
0.0,0.0,0.0,0.0,0.0,0.0,4360.7
0.0,0.0,0.0,0.0,0.0,0.0,4134.0
0.0,0.0,0.0,0.0,0.0,0.0,4686.1
0.0,0.0,0.0,0.0,0.0,0.0,25448.0
0.0,0.0,0.0,0.0,0.0,0.0,23569.0
0.0,0.0,0.0,0.0,0.0,0.0,22830.0
0.0,0.0,0.0,0.0,0.0,0.0,8761.9
0.0,0.0,0.0,0.0,0.0,0.0,10940.0
0.0,0.0,0.0,0.0,0.0,0.0,8707.6
0.0,0.0,0.0,0.0,0.0,0.0,4593.9
0.0,0.0,0.0,0.0,0.0,0.0,3580.1
0.0,0.0,0.0,0.0,0.0,0.0,5417.8
0.0,0.0,0.0,0.0,0.0,0.0,5073.8
0.0,0.0,0.0,0.0,0.0,0.0,3656.1
0.0,0.0,0.0,0.0,0.0,0.0,3231.1
0.0,0.0,0.0,0.0,0.0,0.0,16018.0
0.0,0.0,0.0,0.0,0.0,0.0,16304.0
0.0,0.0,0.0,0.0,0.0,0.0,16436.0
0.0,0.0,0.0,0.0,0.0,0.0,5743.0
0.0,0.0,0.0,0.0,0.0,0.0,4942.5
0.0,0.0,0.0,0.0,0.0,0.0,4887.6
0.0,0.0,0.0,0.0,0.0,0.0,4969.2
0.0,0.0,0.0,0.0,0.0,0.0,5655.2
0.0,0.0,0.0,0.0,0.0,0.0,5063.9
0.0,0.0,0.0,0.0,0.0,0.0,6001.4
0.0,0.0,0.0,0.0,0.0,0.0,4676.6
0.0,0.0,0.0,0.0,0.0,0.0,5667.5
0.0,0.0,0.0,0.0,0.0,0.0,15050.0
0.0,0.0,0.0,0.0,0.0,0.0,13983.0
0.0,0.0,0.0,0.0,0.0,0.0,14703.0
0.0,0.0,0.0,0.0,0.0,0.0,4014.8
0.0,0.0,0.0,0.0,0.0,0.0,3958.4
0.0,0.0,0.0,0.0,0.0,0.0,4037.7
0.0,0.0,0.0,0.0,0.0,0.0,3289.8
0.0,0.0,0.0,0.0,0.0,0.0,3436.7
0.0,0.0,0.0,0.0,0.0,0.0,3343.3
0.0,0.0,0.0,0.0,0.0,0.0,3265.8
0.0,0.0,0.0,0.0,0.0,0.0,3176.2
0.0,0.0,0.0,0.0,0.0,0.0,3638.5
0.0,0.0,0.0,0.0,0.0,0.0,19558.0
0.0,0.0,0.0,0.0,0.0,0.0,18569.0
0.0,0.0,0.0,0.0,0.0,0.0,21035.0
0.0,0.0,0.0,0.0,0.0,0.0,5185.3
0.0,0.0,0.0,0.0,0.0,0.0,4899.1
0.0,0.0,0.0,0.0,0.0,0.0,4845.5
0.0,0.0,0.0,0.0,0.0,0.0,5164.0
0.0,0.0,0.0,0.0,0.0,0.0,4766.5
0.0,0.0,0.0,0.0,0.0,0.0,4824.1
0.0,0.0,0.0,0.0,0.0,0.0,4091.9
0.0,0.0,0.0,0.0,0.0,0.0,4522.4
0.0,0.0,0.0,0.0,0.0,0.0,4629.7
0.0,0.0,0.0,0.0,0.0,0.0,21780.0
0.0,0.0,0.0,0.0,0.0,0.0,22977.0
0.0,0.0,0.0,0.0,0.0,0.0,22250.0
0.0,0.0,0.0,0.0,0.0,0.0,6104.1
0.0,0.0,0.0,0.0,0.0,0.0,7672.7
0.0,0.0,0.0,0.0,0.0,0.0,8090.6
0.0,0.0,0.0,0.0,0.0,0.0,2843.5
0.0,0.0,0.0,0.0,0.0,0.0,3326.7
0.0,0.0,0.0,0.0,0.0,0.0,3136.8
0.0,0.0,0.0,0.0,0.0,0.0,2575.0
0.0,0.0,0.0,0.0,0.0,0.0,2772.1
0.0,0.0,0.0,0.0,0.0,0.0,3448.8
0.0,0.0,0.0,0.0,0.0,0.0,21247.0
0.0,0.0,0.0,0.0,0.0,0.0,16456.0
0.0,0.0,0.0,0.0,0.0,0.0,21005.0
0.0,0.0,0.0,0.0,0.0,0.0,5758.4
0.0,0.0,0.0,0.0,0.0,0.0,5262.8
0.0,0.0,0.0,0.0,0.0,0.0,5054.0
0.0,0.0,0.0,0.0,0.0,0.0,5080.3
0.0,0.0,0.0,0.0,0.0,0.0,4895.7
0.0,0.0,0.0,0.0,0.0,0.0,5789.3
0.0,0.0,0.0,0.0,0.0,0.0,6398.1
0.0,0.0,0.0,0.0,0.0,0.0,5616.6
0.0,0.0,0.0,0.0,0.0,0.0,5484.8
0.0,0.0,0.0,0.0,0.0,0.0,12257.0
0.0,0.0,0.0,0.0,0.0,0.0,13031.0
0.0,0.0,0.0,0.0,0.0,0.0,11095.0
0.0,0.0,0.0,0.0,0.0,0.0,3557.7
0.0,0.0,0.0,0.0,0.0,0.0,3437.7
0.0,0.0,0.0,0.0,0.0,0.0,4154.3
0.0,0.0,0.0,0.0,0.0,0.0,3932.5
0.0,0.0,0.0,0.0,0.0,0.0,3484.9
0.0,0.0,0.0,0.0,0.0,0.0,3079.1
0.0,0.0,0.0,0.0,0.0,0.0,3362.6
0.0,0.0,0.0,0.0,0.0,0.0,3805.5
0.0,0.0,0.0,0.0,0.0,0.0,3600.4
0.0,0.0,0.0,0.0,0.0,0.0,5.4148
0.0,0.0,0.0,0.0,0.0,0.0,7.2331
0.0,0.0,0.0,0.0,0.0,0.0,7.71
0.0,0.0,0.0,0.0,0.0,0.0,4.9987
0.0,0.0,0.0,0.0,0.0,0.0,5.1038
0.0,0.0,0.0,0.0,0.0,0.0,5.0414
0.0,0.0,0.0,0.0,0.0,0.0,5.2636
0.0,0.0,0.0,0.0,0.0,0.0,5.4057
0.0,0.0,0.0,0.0,0.0,0.0,5.2244
0.0,0.0,0.0,0.0,0.0,0.0,5.309
0.0,0.0,0.0,0.0,0.0,0.0,5.5404
0.0,0.0,0.0,0.0,0.0,0.0,5.4039
0.0,0.0,0.0,0.0,0.0,0.0,4.9199
0.0,0.0,0.0,0.0,0.0,0.0,4.7191
0.0,0.0,0.0,0.0,0.0,0.0,4.8937
0.0,0.0,0.0,0.0,0.0,0.0,4.8038
0.0,0.0,0.0,0.0,0.0,0.0,4.8682
0.0,0.0,0.0,0.0,0.0,0.0,4.7764
0.0,0.0,0.0,0.0,0.0,0.0,4.9516
0.0,0.0,0.0,0.0,0.0,0.0,4.9414
0.0,0.0,0.0,0.0,0.0,0.0,4.9821
0.0,0.0,0.0,0.0,0.0,0.0,4.9748
0.0,0.0,0.0,0.0,0.0,0.0,5.0148
0.0,0.0,0.0,0.0,0.0,0.0,4.9641
0.0,0.0,0.0,0.0,0.0,0.0,4.2071
0.0,0.0,0.0,0.0,0.0,0.0,4.1567
0.0,0.0,0.0,0.0,0.0,0.0,4.3038
0.0,0.0,0.0,0.0,0.0,0.0,4.1551
0.0,0.0,0.0,0.0,0.0,0.0,4.0717
0.0,0.0,0.0,0.0,0.0,0.0,4.2692
0.0,0.0,0.0,0.0,0.0,0.0,4.5288
0.0,0.0,0.0,0.0,0.0,0.0,4.4154
0.0,0.0,0.0,0.0,0.0,0.0,4.5469
0.0,0.0,0.0,0.0,0.0,0.0,4.4697
0.0,0.0,0.0,0.0,0.0,0.0,4.4846
0.0,0.0,0.0,0.0,0.0,0.0,4.4296
0.0,0.0,0.0,0.0,0.0,0.0,4.2617
0.0,0.0,0.0,0.0,0.0,0.0,4.3301
0.0,0.0,0.0,0.0,0.0,0.0,5.6832
0.0,0.0,0.0,0.0,0.0,0.0,4.3121
0.0,0.0,0.0,0.0,0.0,0.0,4.1577
0.0,0.0,0.0,0.0,0.0,0.0,4.3409
0.0,0.0,0.0,0.0,0.0,0.0,4.4675
0.0,0.0,0.0,0.0,0.0,0.0,4.6191
0.0,0.0,0.0,0.0,0.0,0.0,4.4677
0.0,0.0,0.0,0.0,0.0,0.0,4.5494
0.0,0.0,0.0,0.0,0.0,0.0,4.4242
0.0,0.0,0.0,0.0,0.0,0.0,4.674
0.0,0.0,0.0,0.0,0.0,0.0,5.5565
0.0,0.0,0.0,0.0,0.0,0.0,5.6191
0.0,0.0,0.0,0.0,0.0,0.0,5.7238
0.0,0.0,0.0,0.0,0.0,0.0,5.5897
0.0,0.0,0.0,0.0,0.0,0.0,5.6365
0.0,0.0,0.0,0.0,0.0,0.0,5.669
0.0,0.0,0.0,0.0,0.0,0.0,5.5673
0.0,0.0,0.0,0.0,0.0,0.0,5.6468
0.0,0.0,0.0,0.0,0.0,0.0,5.6573
0.0,0.0,0.0,0.0,0.0,0.0,5.8474
0.0,0.0,0.0,0.0,0.0,0.0,5.8396
0.0,0.0,0.0,0.0,0.0,0.0,5.834
0.0,0.0,0.0,0.0,0.0,0.0,5.1589
0.0,0.0,0.0,0.0,0.0,0.0,5.2943
0.0,0.0,0.0,0.0,0.0,0.0,5.4987
0.0,0.0,0.0,0.0,0.0,0.0,6.9981
0.0,0.0,0.0,0.0,0.0,0.0,5.5866
0.0,0.0,0.0,0.0,0.0,0.0,5.1739
0.0,0.0,0.0,0.0,0.0,0.0,5.3879
0.0,0.0,0.0,0.0,0.0,0.0,5.4165
0.0,0.0,0.0,0.0,0.0,0.0,7.5855
0.0,0.0,0.0,0.0,0.0,0.0,5.4484
0.0,0.0,0.0,0.0,0.0,0.0,5.3884
0.0,0.0,0.0,0.0,0.0,0.0,5.4929999999999986
0.0,0.0,0.0,0.0,0.0,0.0,4.6893
0.0,0.0,0.0,0.0,0.0,0.0,5.0025
0.0,0.0,0.0,0.0,0.0,0.0,4.6619
0.0,0.0,0.0,0.0,0.0,0.0,4.8335
0.0,0.0,0.0,0.0,0.0,0.0,4.7523
0.0,0.0,0.0,0.0,0.0,0.0,4.8604
0.0,0.0,0.0,0.0,0.0,0.0,4.8766
0.0,0.0,0.0,0.0,0.0,0.0,4.7603
0.0,0.0,0.0,0.0,0.0,0.0,4.8295
0.0,0.0,0.0,0.0,0.0,0.0,5.0359
0.0,0.0,0.0,0.0,0.0,0.0,4.9911
0.0,0.0,0.0,0.0,0.0,0.0,4.9916
0.0,0.0,0.0,0.0,0.0,0.0,4.6863
0.0,0.0,0.0,0.0,0.0,0.0,4.7662
0.0,0.0,0.0,0.0,0.0,0.0,4.7194
0.0,0.0,0.0,0.0,0.0,0.0,4.8803
0.0,0.0,0.0,0.0,0.0,0.0,4.7823
0.0,0.0,0.0,0.0,0.0,0.0,4.8199
0.0,0.0,0.0,0.0,0.0,0.0,4.9153
0.0,0.0,0.0,0.0,0.0,0.0,4.8592
0.0,0.0,0.0,0.0,0.0,0.0,5.0136
0.0,0.0,0.0,0.0,0.0,0.0,5.1089
0.0,0.0,0.0,0.0,0.0,0.0,4.9244
0.0,0.0,0.0,0.0,0.0,0.0,4.9803
0.0,0.0,0.0,0.0,0.0,0.0,6.1373
0.0,0.0,0.0,0.0,0.0,0.0,6.2231
0.0,0.0,0.0,0.0,0.0,0.0,6.2969
0.0,0.0,0.0,0.0,0.0,0.0,6.2961
0.0,0.0,0.0,0.0,0.0,0.0,6.1899
0.0,0.0,0.0,0.0,0.0,0.0,6.1766
0.0,0.0,0.0,0.0,0.0,0.0,6.2605
0.0,0.0,0.0,0.0,0.0,0.0,6.2729
0.0,0.0,0.0,0.0,0.0,0.0,6.3936
0.0,0.0,0.0,0.0,0.0,0.0,6.4503
0.0,0.0,0.0,0.0,0.0,0.0,6.5791
0.0,0.0,0.0,0.0,0.0,0.0,6.4333
0.0,0.0,0.0,0.0,0.0,0.0,5.7801
0.0,0.0,0.0,0.0,0.0,0.0,5.8861
0.0,0.0,0.0,0.0,0.0,0.0,5.6064
0.0,0.0,0.0,0.0,0.0,0.0,5.7763
0.0,0.0,0.0,0.0,0.0,0.0,5.6516
0.0,0.0,0.0,0.0,0.0,0.0,5.7084
0.0,0.0,0.0,0.0,0.0,0.0,5.926
0.0,0.0,0.0,0.0,0.0,0.0,5.9182
0.0,0.0,0.0,0.0,0.0,0.0,5.9734
0.0,0.0,0.0,0.0,0.0,0.0,6.0266
0.0,0.0,0.0,0.0,0.0,0.0,5.8535
0.0,0.0,0.0,0.0,0.0,0.0,5.8606
0.0,0.0,0.0,0.0,0.0,0.0,5.0852
0.0,0.0,0.0,0.0,0.0,0.0,5.1266
0.0,0.0,0.0,0.0,0.0,0.0,5.1297
0.0,0.0,0.0,0.0,0.0,0.0,5.2855
0.0,0.0,0.0,0.0,0.0,0.0,5.2981
0.0,0.0,0.0,0.0,0.0,0.0,5.1899
0.0,0.0,0.0,0.0,0.0,0.0,5.2786
0.0,0.0,0.0,0.0,0.0,0.0,5.4104
0.0,0.0,0.0,0.0,0.0,0.0,5.3729
0.0,0.0,0.0,0.0,0.0,0.0,5.4968
0.0,0.0,0.0,0.0,0.0,0.0,5.5381
0.0,0.0,0.0,0.0,0.0,0.0,7.4877
0.0,0.0,0.0,0.0,0.0,0.0,5.1567
0.0,0.0,0.0,0.0,0.0,0.0,5.1373
0.0,0.0,0.0,0.0,0.0,0.0,5.2794
0.0,0.0,0.0,0.0,0.0,0.0,5.372000000000001
0.0,0.0,0.0,0.0,0.0,0.0,5.3665
0.0,0.0,0.0,0.0,0.0,0.0,5.4151
0.0,0.0,0.0,0.0,0.0,0.0,5.3568
0.0,0.0,0.0,0.0,0.0,0.0,5.5506
0.0,0.0,0.0,0.0,0.0,0.0,5.4555
0.0,0.0,0.0,0.0,0.0,0.0,5.497999999999998
0.0,0.0,0.0,0.0,0.0,0.0,5.4658
0.0,0.0,0.0,0.0,0.0,0.0,5.4474
0.0,0.0,0.0,0.0,0.0,0.0,11.438
0.0,0.0,0.0,0.0,0.0,0.0,11.137
0.0,0.0,0.0,0.0,0.0,0.0,11.165
0.0,0.0,0.0,0.0,0.0,0.0,10.755999999999998
0.0,0.0,0.0,0.0,0.0,0.0,11.099
0.0,0.0,0.0,0.0,0.0,0.0,10.765999999999998
0.0,0.0,0.0,0.0,0.0,0.0,10.763
0.0,0.0,0.0,0.0,0.0,0.0,10.826
0.0,0.0,0.0,0.0,0.0,0.0,10.754
0.0,0.0,0.0,0.0,0.0,0.0,10.864
0.0,0.0,0.0,0.0,0.0,0.0,10.761
0.0,0.0,0.0,0.0,0.0,0.0,10.982
0.0,0.0,0.0,0.0,0.0,0.0,11.098
0.0,0.0,0.0,0.0,0.0,0.0,10.923
0.0,0.0,0.0,0.0,0.0,0.0,11.111
0.0,0.0,0.0,0.0,0.0,0.0,10.687
0.0,0.0,0.0,0.0,0.0,0.0,10.639
0.0,0.0,0.0,0.0,0.0,0.0,10.619000000000002
0.0,0.0,0.0,0.0,0.0,0.0,10.687
0.0,0.0,0.0,0.0,0.0,0.0,10.643
0.0,0.0,0.0,0.0,0.0,0.0,10.727
0.0,0.0,0.0,0.0,0.0,0.0,10.568
0.0,0.0,0.0,0.0,0.0,0.0,10.699000000000002
0.0,0.0,0.0,0.0,0.0,0.0,10.705
0.0,0.0,0.0,0.0,0.0,0.0,10.974
0.0,0.0,0.0,0.0,0.0,0.0,11.396
0.0,0.0,0.0,0.0,0.0,0.0,10.869000000000002
0.0,0.0,0.0,0.0,0.0,0.0,10.522
0.0,0.0,0.0,0.0,0.0,0.0,10.533
0.0,0.0,0.0,0.0,0.0,0.0,10.601
0.0,0.0,0.0,0.0,0.0,0.0,10.659
0.0,0.0,0.0,0.0,0.0,0.0,10.869000000000002
0.0,0.0,0.0,0.0,0.0,0.0,10.636
0.0,0.0,0.0,0.0,0.0,0.0,10.813
0.0,0.0,0.0,0.0,0.0,0.0,10.615
0.0,0.0,0.0,0.0,0.0,0.0,10.622
0.0,0.0,0.0,0.0,0.0,0.0,10.901
0.0,0.0,0.0,0.0,0.0,0.0,10.848
0.0,0.0,0.0,0.0,0.0,0.0,10.876
0.0,0.0,0.0,0.0,0.0,0.0,10.655
0.0,0.0,0.0,0.0,0.0,0.0,10.55
0.0,0.0,0.0,0.0,0.0,0.0,10.608
0.0,0.0,0.0,0.0,0.0,0.0,10.566
0.0,0.0,0.0,0.0,0.0,0.0,10.634
0.0,0.0,0.0,0.0,0.0,0.0,10.571
0.0,0.0,0.0,0.0,0.0,0.0,10.576
0.0,0.0,0.0,0.0,0.0,0.0,10.681
0.0,0.0,0.0,0.0,0.0,0.0,10.58
0.0,0.0,0.0,0.0,0.0,0.0,100.4
0.0,0.0,0.0,0.0,0.0,0.0,100.35
0.0,0.0,0.0,0.0,0.0,0.0,100.4
0.0,0.0,0.0,0.0,0.0,0.0,100.44
0.0,0.0,0.0,0.0,0.0,0.0,100.74
0.0,0.0,0.0,0.0,0.0,0.0,100.4
0.0,0.0,0.0,0.0,0.0,0.0,100.41
0.0,0.0,0.0,0.0,0.0,0.0,100.36
0.0,0.0,0.0,0.0,0.0,0.0,100.74
0.0,0.0,0.0,0.0,0.0,0.0,100.4
0.0,0.0,0.0,0.0,0.0,0.0,100.4
0.0,0.0,0.0,0.0,0.0,0.0,134.78
0.0,0.0,0.0,0.0,0.0,0.0,100.36
0.0,0.0,0.0,0.0,0.0,0.0,100.4
0.0,0.0,0.0,0.0,0.0,0.0,100.35
0.0,0.0,0.0,0.0,0.0,0.0,99.994
0.0,0.0,0.0,0.0,0.0,0.0,100.31
0.0,0.0,0.0,0.0,0.0,0.0,100.3
0.0,0.0,0.0,0.0,0.0,0.0,100.42
0.0,0.0,0.0,0.0,0.0,0.0,100.31
0.0,0.0,0.0,0.0,0.0,0.0,100.87
0.0,0.0,0.0,0.0,0.0,0.0,100.3
0.0,0.0,0.0,0.0,0.0,0.0,100.31
0.0,0.0,0.0,0.0,0.0,0.0,100.4
0.0,0.0,0.0,0.0,0.0,0.0,100.31
0.0,0.0,0.0,0.0,0.0,0.0,100.76
0.0,0.0,0.0,0.0,0.0,0.0,100.44
0.0,0.0,0.0,0.0,0.0,0.0,100.4
0.0,0.0,0.0,0.0,0.0,0.0,100.38
0.0,0.0,0.0,0.0,0.0,0.0,100.35
0.0,0.0,0.0,0.0,0.0,0.0,100.85
0.0,0.0,0.0,0.0,0.0,0.0,100.55
0.0,0.0,0.0,0.0,0.0,0.0,100.4
0.0,0.0,0.0,0.0,0.0,0.0,100.35
0.0,0.0,0.0,0.0,0.0,0.0,103.33
0.0,0.0,0.0,0.0,0.0,0.0,100.75
0.0,0.0,0.0,0.0,0.0,0.0,100.4
0.0,0.0,0.0,0.0,0.0,0.0,100.4
0.0,0.0,0.0,0.0,0.0,0.0,100.8
0.0,0.0,0.0,0.0,0.0,0.0,102.9
0.0,0.0,0.0,0.0,0.0,0.0,100.43
0.0,0.0,0.0,0.0,0.0,0.0,100.38
0.0,0.0,0.0,0.0,0.0,0.0,100.4
0.0,0.0,0.0,0.0,0.0,0.0,100.4
0.0,0.0,0.0,0.0,0.0,0.0,100.41
0.0,0.0,0.0,0.0,0.0,0.0,100.32
0.0,0.0,0.0,0.0,0.0,0.0,100.86
0.0,0.0,0.0,0.0,0.0,0.0,100.35
0.0,0.0,0.0,0.0,0.0,0.0,7.8849
0.0,0.0,0.0,0.0,0.0,0.0,9.4442
0.0,0.0,0.0,0.0,0.0,0.0,10.218
0.0,0.0,0.0,0.0,0.0,0.0,8.1706
0.0,0.0,0.0,0.0,0.0,0.0,7.0491
0.0,0.0,0.0,0.0,0.0,0.0,8.3435
0.0,0.0,0.0,0.0,0.0,0.0,7.3474
0.0,0.0,0.0,0.0,0.0,0.0,6.9732
0.0,0.0,0.0,0.0,0.0,0.0,7.0587
0.0,0.0,0.0,0.0,0.0,0.0,7.5369
0.0,0.0,0.0,0.0,0.0,0.0,7.8253
0.0,0.0,0.0,0.0,0.0,0.0,7.4323
0.0,0.0,0.0,0.0,0.0,0.0,7.2082
0.0,0.0,0.0,0.0,0.0,0.0,6.9346
0.0,0.0,0.0,0.0,0.0,0.0,6.9256
0.0,0.0,0.0,0.0,0.0,0.0,6.9166
0.0,0.0,0.0,0.0,0.0,0.0,6.643
0.0,0.0,0.0,0.0,0.0,0.0,6.665
0.0,0.0,0.0,0.0,0.0,0.0,7.1776
0.0,0.0,0.0,0.0,0.0,0.0,7.0372
0.0,0.0,0.0,0.0,0.0,0.0,7.3745
0.0,0.0,0.0,0.0,0.0,0.0,7.4949
0.0,0.0,0.0,0.0,0.0,0.0,7.1084
0.0,0.0,0.0,0.0,0.0,0.0,7.2758
0.0,0.0,0.0,0.0,0.0,0.0,6.2538
0.0,0.0,0.0,0.0,0.0,0.0,5.9394
0.0,0.0,0.0,0.0,0.0,0.0,6.2557
0.0,0.0,0.0,0.0,0.0,0.0,5.8378
0.0,0.0,0.0,0.0,0.0,0.0,6.2196
0.0,0.0,0.0,0.0,0.0,0.0,5.9359
0.0,0.0,0.0,0.0,0.0,0.0,7.5768
0.0,0.0,0.0,0.0,0.0,0.0,6.6561
0.0,0.0,0.0,0.0,0.0,0.0,6.5873
0.0,0.0,0.0,0.0,0.0,0.0,6.4838
0.0,0.0,0.0,0.0,0.0,0.0,6.4506
0.0,0.0,0.0,0.0,0.0,0.0,6.651
0.0,0.0,0.0,0.0,0.0,0.0,6.3955
0.0,0.0,0.0,0.0,0.0,0.0,6.3785
0.0,0.0,0.0,0.0,0.0,0.0,6.4019
0.0,0.0,0.0,0.0,0.0,0.0,6.0287
0.0,0.0,0.0,0.0,0.0,0.0,5.9478
0.0,0.0,0.0,0.0,0.0,0.0,5.9745
0.0,0.0,0.0,0.0,0.0,0.0,8.0189
0.0,0.0,0.0,0.0,0.0,0.0,6.2878
0.0,0.0,0.0,0.0,0.0,0.0,6.5994
0.0,0.0,0.0,0.0,0.0,0.0,6.7162
0.0,0.0,0.0,0.0,0.0,0.0,6.5297
0.0,0.0,0.0,0.0,0.0,0.0,8.519
0.0,0.0,0.0,0.0,0.0,0.0,7.8616
0.0,0.0,0.0,0.0,0.0,0.0,8.2988
0.0,0.0,0.0,0.0,0.0,0.0,8.5994
0.0,0.0,0.0,0.0,0.0,0.0,7.2063
0.0,0.0,0.0,0.0,0.0,0.0,7.1191
0.0,0.0,0.0,0.0,0.0,0.0,6.8013
0.0,0.0,0.0,0.0,0.0,0.0,7.2244
0.0,0.0,0.0,0.0,0.0,0.0,8.3594
0.0,0.0,0.0,0.0,0.0,0.0,7.127000000000002
0.0,0.0,0.0,0.0,0.0,0.0,7.5077
0.0,0.0,0.0,0.0,0.0,0.0,7.4769
0.0,0.0,0.0,0.0,0.0,0.0,9.2127
0.0,0.0,0.0,0.0,0.0,0.0,7.3369
0.0,0.0,0.0,0.0,0.0,0.0,7.0354
0.0,0.0,0.0,0.0,0.0,0.0,7.1296
0.0,0.0,0.0,0.0,0.0,0.0,6.709
0.0,0.0,0.0,0.0,0.0,0.0,6.6824
0.0,0.0,0.0,0.0,0.0,0.0,6.7809
0.0,0.0,0.0,0.0,0.0,0.0,7.0113
0.0,0.0,0.0,0.0,0.0,0.0,8.4791
0.0,0.0,0.0,0.0,0.0,0.0,7.1955
0.0,0.0,0.0,0.0,0.0,0.0,7.1437
0.0,0.0,0.0,0.0,0.0,0.0,7.421
0.0,0.0,0.0,0.0,0.0,0.0,8.781
0.0,0.0,0.0,0.0,0.0,0.0,6.4866
0.0,0.0,0.0,0.0,0.0,0.0,6.5872
0.0,0.0,0.0,0.0,0.0,0.0,6.4614
0.0,0.0,0.0,0.0,0.0,0.0,5.9437
0.0,0.0,0.0,0.0,0.0,0.0,6.1076
0.0,0.0,0.0,0.0,0.0,0.0,6.1271
0.0,0.0,0.0,0.0,0.0,0.0,6.5096
0.0,0.0,0.0,0.0,0.0,0.0,6.3791
0.0,0.0,0.0,0.0,0.0,0.0,6.527
0.0,0.0,0.0,0.0,0.0,0.0,6.8601
0.0,0.0,0.0,0.0,0.0,0.0,6.5013
0.0,0.0,0.0,0.0,0.0,0.0,7.1114
0.0,0.0,0.0,0.0,0.0,0.0,6.5732
0.0,0.0,0.0,0.0,0.0,0.0,6.7170000000000005
0.0,0.0,0.0,0.0,0.0,0.0,6.6367
0.0,0.0,0.0,0.0,0.0,0.0,6.1893
0.0,0.0,0.0,0.0,0.0,0.0,6.0268
0.0,0.0,0.0,0.0,0.0,0.0,6.1179
0.0,0.0,0.0,0.0,0.0,0.0,6.5038
0.0,0.0,0.0,0.0,0.0,0.0,6.6981
0.0,0.0,0.0,0.0,0.0,0.0,7.6609
0.0,0.0,0.0,0.0,0.0,0.0,6.6878
0.0,0.0,0.0,0.0,0.0,0.0,6.5884
0.0,0.0,0.0,0.0,0.0,0.0,6.8026
0.0,0.0,0.0,0.0,0.0,0.0,8.3107
0.0,0.0,0.0,0.0,0.0,0.0,8.4381
0.0,0.0,0.0,0.0,0.0,0.0,8.5637
0.0,0.0,0.0,0.0,0.0,0.0,7.4255
0.0,0.0,0.0,0.0,0.0,0.0,7.2392
0.0,0.0,0.0,0.0,0.0,0.0,8.6548
0.0,0.0,0.0,0.0,0.0,0.0,7.65
0.0,0.0,0.0,0.0,0.0,0.0,7.5625
0.0,0.0,0.0,0.0,0.0,0.0,7.7424
0.0,0.0,0.0,0.0,0.0,0.0,7.5935
0.0,0.0,0.0,0.0,0.0,0.0,7.7584
0.0,0.0,0.0,0.0,0.0,0.0,7.9854
0.0,0.0,0.0,0.0,0.0,0.0,7.4675
0.0,0.0,0.0,0.0,0.0,0.0,7.7424
0.0,0.0,0.0,0.0,0.0,0.0,7.7419
0.0,0.0,0.0,0.0,0.0,0.0,7.2647
0.0,0.0,0.0,0.0,0.0,0.0,6.9497
0.0,0.0,0.0,0.0,0.0,0.0,6.9468
0.0,0.0,0.0,0.0,0.0,0.0,7.4981
0.0,0.0,0.0,0.0,0.0,0.0,7.1394
0.0,0.0,0.0,0.0,0.0,0.0,7.1731
0.0,0.0,0.0,0.0,0.0,0.0,7.5076
0.0,0.0,0.0,0.0,0.0,0.0,7.4968
0.0,0.0,0.0,0.0,0.0,0.0,7.65
0.0,0.0,0.0,0.0,0.0,0.0,6.7808
0.0,0.0,0.0,0.0,0.0,0.0,6.7994
0.0,0.0,0.0,0.0,0.0,0.0,6.5686
0.0,0.0,0.0,0.0,0.0,0.0,6.3656
0.0,0.0,0.0,0.0,0.0,0.0,6.2167
0.0,0.0,0.0,0.0,0.0,0.0,6.3083
0.0,0.0,0.0,0.0,0.0,0.0,7.1684
0.0,0.0,0.0,0.0,0.0,0.0,6.6071
0.0,0.0,0.0,0.0,0.0,0.0,6.8108
0.0,0.0,0.0,0.0,0.0,0.0,8.2494
0.0,0.0,0.0,0.0,0.0,0.0,7.086
0.0,0.0,0.0,0.0,0.0,0.0,7.3353
0.0,0.0,0.0,0.0,0.0,0.0,7.1537
0.0,0.0,0.0,0.0,0.0,0.0,6.7917
0.0,0.0,0.0,0.0,0.0,0.0,7.15
0.0,0.0,0.0,0.0,0.0,0.0,6.4182
0.0,0.0,0.0,0.0,0.0,0.0,6.3325
0.0,0.0,0.0,0.0,0.0,0.0,6.5071
0.0,0.0,0.0,0.0,0.0,0.0,6.8908
0.0,0.0,0.0,0.0,0.0,0.0,6.9804
0.0,0.0,0.0,0.0,0.0,0.0,9.407
0.0,0.0,0.0,0.0,0.0,0.0,7.1667
0.0,0.0,0.0,0.0,0.0,0.0,7.1535
0.0,0.0,0.0,0.0,0.0,0.0,7.1109
0.0,0.0,0.0,0.0,0.0,0.0,12.116
0.0,0.0,0.0,0.0,0.0,0.0,14.373
0.0,0.0,0.0,0.0,0.0,0.0,12.297
0.0,0.0,0.0,0.0,0.0,0.0,11.624
0.0,0.0,0.0,0.0,0.0,0.0,11.627
0.0,0.0,0.0,0.0,0.0,0.0,11.264
0.0,0.0,0.0,0.0,0.0,0.0,11.35
0.0,0.0,0.0,0.0,0.0,0.0,11.285
0.0,0.0,0.0,0.0,0.0,0.0,11.404000000000002
0.0,0.0,0.0,0.0,0.0,0.0,11.581
0.0,0.0,0.0,0.0,0.0,0.0,11.628
0.0,0.0,0.0,0.0,0.0,0.0,11.529000000000002
0.0,0.0,0.0,0.0,0.0,0.0,11.825
0.0,0.0,0.0,0.0,0.0,0.0,11.941
0.0,0.0,0.0,0.0,0.0,0.0,11.787
0.0,0.0,0.0,0.0,0.0,0.0,11.008
0.0,0.0,0.0,0.0,0.0,0.0,11.108
0.0,0.0,0.0,0.0,0.0,0.0,11.161
0.0,0.0,0.0,0.0,0.0,0.0,11.062
0.0,0.0,0.0,0.0,0.0,0.0,11.093
0.0,0.0,0.0,0.0,0.0,0.0,11.055
0.0,0.0,0.0,0.0,0.0,0.0,12.962
0.0,0.0,0.0,0.0,0.0,0.0,11.169
0.0,0.0,0.0,0.0,0.0,0.0,11.184
0.0,0.0,0.0,0.0,0.0,0.0,11.765
0.0,0.0,0.0,0.0,0.0,0.0,11.847
0.0,0.0,0.0,0.0,0.0,0.0,11.800999999999998
0.0,0.0,0.0,0.0,0.0,0.0,11.066
0.0,0.0,0.0,0.0,0.0,0.0,10.865
0.0,0.0,0.0,0.0,0.0,0.0,13.026
0.0,0.0,0.0,0.0,0.0,0.0,10.943
0.0,0.0,0.0,0.0,0.0,0.0,10.959
0.0,0.0,0.0,0.0,0.0,0.0,12.597
0.0,0.0,0.0,0.0,0.0,0.0,10.890999999999998
0.0,0.0,0.0,0.0,0.0,0.0,10.961
0.0,0.0,0.0,0.0,0.0,0.0,11.088
0.0,0.0,0.0,0.0,0.0,0.0,11.794
0.0,0.0,0.0,0.0,0.0,0.0,11.829
0.0,0.0,0.0,0.0,0.0,0.0,12.01
0.0,0.0,0.0,0.0,0.0,0.0,11.008
0.0,0.0,0.0,0.0,0.0,0.0,10.919
0.0,0.0,0.0,0.0,0.0,0.0,10.989
0.0,0.0,0.0,0.0,0.0,0.0,10.946
0.0,0.0,0.0,0.0,0.0,0.0,11.047
0.0,0.0,0.0,0.0,0.0,0.0,10.929
0.0,0.0,0.0,0.0,0.0,0.0,11.159
0.0,0.0,0.0,0.0,0.0,0.0,10.927
0.0,0.0,0.0,0.0,0.0,0.0,10.89
0.0,0.0,0.0,0.0,0.0,0.0,100.49
0.0,0.0,0.0,0.0,0.0,0.0,100.63
0.0,0.0,0.0,0.0,0.0,0.0,100.4
0.0,0.0,0.0,0.0,0.0,0.0,100.33
0.0,0.0,0.0,0.0,0.0,0.0,133.52
0.0,0.0,0.0,0.0,0.0,0.0,100.57
0.0,0.0,0.0,0.0,0.0,0.0,100.98
0.0,0.0,0.0,0.0,0.0,0.0,119.03
0.0,0.0,0.0,0.0,0.0,0.0,100.65
0.0,0.0,0.0,0.0,0.0,0.0,100.4
0.0,0.0,0.0,0.0,0.0,0.0,100.4
0.0,0.0,0.0,0.0,0.0,0.0,100.28
0.0,0.0,0.0,0.0,0.0,0.0,101.03
0.0,0.0,0.0,0.0,0.0,0.0,118.87
0.0,0.0,0.0,0.0,0.0,0.0,100.27
0.0,0.0,0.0,0.0,0.0,0.0,100.41
0.0,0.0,0.0,0.0,0.0,0.0,101.41
0.0,0.0,0.0,0.0,0.0,0.0,100.64
0.0,0.0,0.0,0.0,0.0,0.0,100.6
0.0,0.0,0.0,0.0,0.0,0.0,100.29
0.0,0.0,0.0,0.0,0.0,0.0,101.25
0.0,0.0,0.0,0.0,0.0,0.0,100.4
0.0,0.0,0.0,0.0,0.0,0.0,101.56
0.0,0.0,0.0,0.0,0.0,0.0,100.63
0.0,0.0,0.0,0.0,0.0,0.0,100.67
0.0,0.0,0.0,0.0,0.0,0.0,117.8
0.0,0.0,0.0,0.0,0.0,0.0,115.08
0.0,0.0,0.0,0.0,0.0,0.0,100.09
0.0,0.0,0.0,0.0,0.0,0.0,118.94
0.0,0.0,0.0,0.0,0.0,0.0,100.47
0.0,0.0,0.0,0.0,0.0,0.0,100.46
0.0,0.0,0.0,0.0,0.0,0.0,101.42
0.0,0.0,0.0,0.0,0.0,0.0,100.27
0.0,0.0,0.0,0.0,0.0,0.0,100.4
0.0,0.0,0.0,0.0,0.0,0.0,99.995
0.0,0.0,0.0,0.0,0.0,0.0,100.72
0.0,0.0,0.0,0.0,0.0,0.0,100.65
0.0,0.0,0.0,0.0,0.0,0.0,119.85
0.0,0.0,0.0,0.0,0.0,0.0,100.43
0.0,0.0,0.0,0.0,0.0,0.0,100.14
0.0,0.0,0.0,0.0,0.0,0.0,100.95
0.0,0.0,0.0,0.0,0.0,0.0,100.43
0.0,0.0,0.0,0.0,0.0,0.0,101.23
0.0,0.0,0.0,0.0,0.0,0.0,100.67
0.0,0.0,0.0,0.0,0.0,0.0,100.45
0.0,0.0,0.0,0.0,0.0,0.0,100.5
0.0,0.0,0.0,0.0,0.0,0.0,100.41
0.0,0.0,0.0,0.0,0.0,0.0,100.48
0.0,0.0,0.0,0.0,0.0,0.0,41.488
0.0,0.0,0.0,0.0,0.0,0.0,42.027
0.0,0.0,0.0,0.0,0.0,0.0,43.94300000000001
0.0,0.0,0.0,0.0,0.0,0.0,25.39
0.0,0.0,0.0,0.0,0.0,0.0,25.986
0.0,0.0,0.0,0.0,0.0,0.0,26.631
0.0,0.0,0.0,0.0,0.0,0.0,22.395
0.0,0.0,0.0,0.0,0.0,0.0,23.232
0.0,0.0,0.0,0.0,0.0,0.0,23.557
0.0,0.0,0.0,0.0,0.0,0.0,24.517
0.0,0.0,0.0,0.0,0.0,0.0,25.283
0.0,0.0,0.0,0.0,0.0,0.0,23.974
0.0,0.0,0.0,0.0,0.0,0.0,34.322
0.0,0.0,0.0,0.0,0.0,0.0,40.996
0.0,0.0,0.0,0.0,0.0,0.0,37.609
0.0,0.0,0.0,0.0,0.0,0.0,23.759
0.0,0.0,0.0,0.0,0.0,0.0,24.363000000000003
0.0,0.0,0.0,0.0,0.0,0.0,23.766
0.0,0.0,0.0,0.0,0.0,0.0,22.873
0.0,0.0,0.0,0.0,0.0,0.0,22.12
0.0,0.0,0.0,0.0,0.0,0.0,23.721
0.0,0.0,0.0,0.0,0.0,0.0,23.266
0.0,0.0,0.0,0.0,0.0,0.0,21.372
0.0,0.0,0.0,0.0,0.0,0.0,24.173
0.0,0.0,0.0,0.0,0.0,0.0,36.016
0.0,0.0,0.0,0.0,0.0,0.0,36.228
0.0,0.0,0.0,0.0,0.0,0.0,37.557
0.0,0.0,0.0,0.0,0.0,0.0,20.501
0.0,0.0,0.0,0.0,0.0,0.0,19.806
0.0,0.0,0.0,0.0,0.0,0.0,20.179
0.0,0.0,0.0,0.0,0.0,0.0,20.145
0.0,0.0,0.0,0.0,0.0,0.0,20.42
0.0,0.0,0.0,0.0,0.0,0.0,20.229
0.0,0.0,0.0,0.0,0.0,0.0,20.736
0.0,0.0,0.0,0.0,0.0,0.0,19.128
0.0,0.0,0.0,0.0,0.0,0.0,20.054
0.0,0.0,0.0,0.0,0.0,0.0,34.976
0.0,0.0,0.0,0.0,0.0,0.0,38.992
0.0,0.0,0.0,0.0,0.0,0.0,37.518
0.0,0.0,0.0,0.0,0.0,0.0,22.838
0.0,0.0,0.0,0.0,0.0,0.0,20.473
0.0,0.0,0.0,0.0,0.0,0.0,22.212
0.0,0.0,0.0,0.0,0.0,0.0,20.43
0.0,0.0,0.0,0.0,0.0,0.0,19.786
0.0,0.0,0.0,0.0,0.0,0.0,19.776
0.0,0.0,0.0,0.0,0.0,0.0,20.267
0.0,0.0,0.0,0.0,0.0,0.0,20.807
0.0,0.0,0.0,0.0,0.0,0.0,21.604
0.0,0.0,0.0,0.0,0.0,0.0,39.798
0.0,0.0,0.0,0.0,0.0,0.0,40.239
0.0,0.0,0.0,0.0,0.0,0.0,39.956
0.0,0.0,0.0,0.0,0.0,0.0,24.878
0.0,0.0,0.0,0.0,0.0,0.0,24.934
0.0,0.0,0.0,0.0,0.0,0.0,26.022
0.0,0.0,0.0,0.0,0.0,0.0,22.07
0.0,0.0,0.0,0.0,0.0,0.0,22.503
0.0,0.0,0.0,0.0,0.0,0.0,21.69
0.0,0.0,0.0,0.0,0.0,0.0,22.832
0.0,0.0,0.0,0.0,0.0,0.0,24.297
0.0,0.0,0.0,0.0,0.0,0.0,22.717
0.0,0.0,0.0,0.0,0.0,0.0,35.342
0.0,0.0,0.0,0.0,0.0,0.0,35.582
0.0,0.0,0.0,0.0,0.0,0.0,37.332
0.0,0.0,0.0,0.0,0.0,0.0,22.956
0.0,0.0,0.0,0.0,0.0,0.0,22.912
0.0,0.0,0.0,0.0,0.0,0.0,22.017
0.0,0.0,0.0,0.0,0.0,0.0,21.754
0.0,0.0,0.0,0.0,0.0,0.0,20.461
0.0,0.0,0.0,0.0,0.0,0.0,21.209
0.0,0.0,0.0,0.0,0.0,0.0,24.31
0.0,0.0,0.0,0.0,0.0,0.0,22.869
0.0,0.0,0.0,0.0,0.0,0.0,22.406
0.0,0.0,0.0,0.0,0.0,0.0,33.463
0.0,0.0,0.0,0.0,0.0,0.0,34.41
0.0,0.0,0.0,0.0,0.0,0.0,36.842
0.0,0.0,0.0,0.0,0.0,0.0,18.992
0.0,0.0,0.0,0.0,0.0,0.0,18.105
0.0,0.0,0.0,0.0,0.0,0.0,19.238
0.0,0.0,0.0,0.0,0.0,0.0,18.567
0.0,0.0,0.0,0.0,0.0,0.0,17.469
0.0,0.0,0.0,0.0,0.0,0.0,18.287
0.0,0.0,0.0,0.0,0.0,0.0,19.528
0.0,0.0,0.0,0.0,0.0,0.0,19.298
0.0,0.0,0.0,0.0,0.0,0.0,20.218
0.0,0.0,0.0,0.0,0.0,0.0,33.941
0.0,0.0,0.0,0.0,0.0,0.0,35.30300000000001
0.0,0.0,0.0,0.0,0.0,0.0,35.604
0.0,0.0,0.0,0.0,0.0,0.0,20.369
0.0,0.0,0.0,0.0,0.0,0.0,19.908
0.0,0.0,0.0,0.0,0.0,0.0,19.206
0.0,0.0,0.0,0.0,0.0,0.0,18.569000000000006
0.0,0.0,0.0,0.0,0.0,0.0,17.572
0.0,0.0,0.0,0.0,0.0,0.0,18.623
0.0,0.0,0.0,0.0,0.0,0.0,19.775
0.0,0.0,0.0,0.0,0.0,0.0,19.122
0.0,0.0,0.0,0.0,0.0,0.0,18.599
0.0,0.0,0.0,0.0,0.0,0.0,39.496
0.0,0.0,0.0,0.0,0.0,0.0,38.603
0.0,0.0,0.0,0.0,0.0,0.0,40.327
0.0,0.0,0.0,0.0,0.0,0.0,23.201
0.0,0.0,0.0,0.0,0.0,0.0,24.684
0.0,0.0,0.0,0.0,0.0,0.0,24.294
0.0,0.0,0.0,0.0,0.0,0.0,22.416
0.0,0.0,0.0,0.0,0.0,0.0,21.048
0.0,0.0,0.0,0.0,0.0,0.0,21.262
0.0,0.0,0.0,0.0,0.0,0.0,24.151
0.0,0.0,0.0,0.0,0.0,0.0,23.241
0.0,0.0,0.0,0.0,0.0,0.0,21.979
0.0,0.0,0.0,0.0,0.0,0.0,33.768
0.0,0.0,0.0,0.0,0.0,0.0,36.105
0.0,0.0,0.0,0.0,0.0,0.0,35.899
0.0,0.0,0.0,0.0,0.0,0.0,23.157
0.0,0.0,0.0,0.0,0.0,0.0,20.41
0.0,0.0,0.0,0.0,0.0,0.0,21.404
0.0,0.0,0.0,0.0,0.0,0.0,19.923
0.0,0.0,0.0,0.0,0.0,0.0,20.344
0.0,0.0,0.0,0.0,0.0,0.0,20.022
0.0,0.0,0.0,0.0,0.0,0.0,21.799
0.0,0.0,0.0,0.0,0.0,0.0,21.781
0.0,0.0,0.0,0.0,0.0,0.0,20.663
0.0,0.0,0.0,0.0,0.0,0.0,32.304
0.0,0.0,0.0,0.0,0.0,0.0,31.661
0.0,0.0,0.0,0.0,0.0,0.0,32.992
0.0,0.0,0.0,0.0,0.0,0.0,19.573
0.0,0.0,0.0,0.0,0.0,0.0,17.665
0.0,0.0,0.0,0.0,0.0,0.0,18.077
0.0,0.0,0.0,0.0,0.0,0.0,18.181
0.0,0.0,0.0,0.0,0.0,0.0,18.797
0.0,0.0,0.0,0.0,0.0,0.0,18.542
0.0,0.0,0.0,0.0,0.0,0.0,17.336
0.0,0.0,0.0,0.0,0.0,0.0,19.95
0.0,0.0,0.0,0.0,0.0,0.0,20.634
0.0,0.0,0.0,0.0,0.0,0.0,31.51
0.0,0.0,0.0,0.0,0.0,0.0,32.317
0.0,0.0,0.0,0.0,0.0,0.0,32.966
0.0,0.0,0.0,0.0,0.0,0.0,20.246
0.0,0.0,0.0,0.0,0.0,0.0,19.744
0.0,0.0,0.0,0.0,0.0,0.0,19.184
0.0,0.0,0.0,0.0,0.0,0.0,17.840999999999994
0.0,0.0,0.0,0.0,0.0,0.0,17.844
0.0,0.0,0.0,0.0,0.0,0.0,17.954
0.0,0.0,0.0,0.0,0.0,0.0,18.043
0.0,0.0,0.0,0.0,0.0,0.0,18.875
0.0,0.0,0.0,0.0,0.0,0.0,19.064
0.0,0.0,0.0,0.0,0.0,0.0,34.592
0.0,0.0,0.0,0.0,0.0,0.0,35.645
0.0,0.0,0.0,0.0,0.0,0.0,38.229
0.0,0.0,0.0,0.0,0.0,0.0,25.584
0.0,0.0,0.0,0.0,0.0,0.0,23.86
0.0,0.0,0.0,0.0,0.0,0.0,23.717
0.0,0.0,0.0,0.0,0.0,0.0,21.385
0.0,0.0,0.0,0.0,0.0,0.0,21.348000000000006
0.0,0.0,0.0,0.0,0.0,0.0,21.381
0.0,0.0,0.0,0.0,0.0,0.0,22.543000000000006
0.0,0.0,0.0,0.0,0.0,0.0,21.79
0.0,0.0,0.0,0.0,0.0,0.0,23.094
0.0,0.0,0.0,0.0,0.0,0.0,33.888000000000005
0.0,0.0,0.0,0.0,0.0,0.0,32.764
0.0,0.0,0.0,0.0,0.0,0.0,34.986
0.0,0.0,0.0,0.0,0.0,0.0,19.291
0.0,0.0,0.0,0.0,0.0,0.0,19.485
0.0,0.0,0.0,0.0,0.0,0.0,19.345
0.0,0.0,0.0,0.0,0.0,0.0,18.884
0.0,0.0,0.0,0.0,0.0,0.0,19.657
0.0,0.0,0.0,0.0,0.0,0.0,19.558
0.0,0.0,0.0,0.0,0.0,0.0,19.378
0.0,0.0,0.0,0.0,0.0,0.0,19.56
0.0,0.0,0.0,0.0,0.0,0.0,21.096
0.0,0.0,0.0,0.0,0.0,0.0,32.113
0.0,0.0,0.0,0.0,0.0,0.0,31.251
0.0,0.0,0.0,0.0,0.0,0.0,34.406
0.0,0.0,0.0,0.0,0.0,0.0,18.486
0.0,0.0,0.0,0.0,0.0,0.0,19.298
0.0,0.0,0.0,0.0,0.0,0.0,20.115
0.0,0.0,0.0,0.0,0.0,0.0,18.063
0.0,0.0,0.0,0.0,0.0,0.0,17.553
0.0,0.0,0.0,0.0,0.0,0.0,19.997
0.0,0.0,0.0,0.0,0.0,0.0,19.471
0.0,0.0,0.0,0.0,0.0,0.0,20.742
0.0,0.0,0.0,0.0,0.0,0.0,19.262
0.0,0.0,0.0,0.0,0.0,0.0,30.223000000000006
0.0,0.0,0.0,0.0,0.0,0.0,29.851
0.0,0.0,0.0,0.0,0.0,0.0,31.346
0.0,0.0,0.0,0.0,0.0,0.0,19.558
0.0,0.0,0.0,0.0,0.0,0.0,19.046
0.0,0.0,0.0,0.0,0.0,0.0,19.721
0.0,0.0,0.0,0.0,0.0,0.0,18.601
0.0,0.0,0.0,0.0,0.0,0.0,18.473
0.0,0.0,0.0,0.0,0.0,0.0,19.031
0.0,0.0,0.0,0.0,0.0,0.0,19.901
0.0,0.0,0.0,0.0,0.0,0.0,18.654
0.0,0.0,0.0,0.0,0.0,0.0,20.045
0.0,0.0,0.0,0.0,0.0,0.0,108.59
0.0,0.0,0.0,0.0,0.0,0.0,102.91
0.0,0.0,0.0,0.0,0.0,0.0,104.44
0.0,0.0,0.0,0.0,0.0,0.0,103.0
0.0,0.0,0.0,0.0,0.0,0.0,106.54
0.0,0.0,0.0,0.0,0.0,0.0,103.82
0.0,0.0,0.0,0.0,0.0,0.0,103.1
0.0,0.0,0.0,0.0,0.0,0.0,104.8
0.0,0.0,0.0,0.0,0.0,0.0,108.3
0.0,0.0,0.0,0.0,0.0,0.0,103.2
0.0,0.0,0.0,0.0,0.0,0.0,101.51
0.0,0.0,0.0,0.0,0.0,0.0,106.93
0.0,0.0,0.0,0.0,0.0,0.0,104.65
0.0,0.0,0.0,0.0,0.0,0.0,107.0
0.0,0.0,0.0,0.0,0.0,0.0,104.96
0.0,0.0,0.0,0.0,0.0,0.0,101.81
0.0,0.0,0.0,0.0,0.0,0.0,105.72
0.0,0.0,0.0,0.0,0.0,0.0,106.62
0.0,0.0,0.0,0.0,0.0,0.0,100.67
0.0,0.0,0.0,0.0,0.0,0.0,101.6
0.0,0.0,0.0,0.0,0.0,0.0,106.15
0.0,0.0,0.0,0.0,0.0,0.0,105.53
0.0,0.0,0.0,0.0,0.0,0.0,105.54
0.0,0.0,0.0,0.0,0.0,0.0,101.44
0.0,0.0,0.0,0.0,0.0,0.0,103.27
0.0,0.0,0.0,0.0,0.0,0.0,102.62
0.0,0.0,0.0,0.0,0.0,0.0,107.7
0.0,0.0,0.0,0.0,0.0,0.0,102.49
0.0,0.0,0.0,0.0,0.0,0.0,102.4
0.0,0.0,0.0,0.0,0.0,0.0,101.44
0.0,0.0,0.0,0.0,0.0,0.0,104.49
0.0,0.0,0.0,0.0,0.0,0.0,101.04
0.0,0.0,0.0,0.0,0.0,0.0,106.3
0.0,0.0,0.0,0.0,0.0,0.0,104.78
0.0,0.0,0.0,0.0,0.0,0.0,101.11
0.0,0.0,0.0,0.0,0.0,0.0,108.71
0.0,0.0,0.0,0.0,0.0,0.0,103.97
0.0,0.0,0.0,0.0,0.0,0.0,103.1
0.0,0.0,0.0,0.0,0.0,0.0,110.91
0.0,0.0,0.0,0.0,0.0,0.0,104.3
0.0,0.0,0.0,0.0,0.0,0.0,101.7
0.0,0.0,0.0,0.0,0.0,0.0,102.17
0.0,0.0,0.0,0.0,0.0,0.0,104.32
0.0,0.0,0.0,0.0,0.0,0.0,102.16
0.0,0.0,0.0,0.0,0.0,0.0,100.98
0.0,0.0,0.0,0.0,0.0,0.0,103.93
0.0,0.0,0.0,0.0,0.0,0.0,101.23
0.0,0.0,0.0,0.0,0.0,0.0,107.84
0.0,0.0,0.0,0.0,0.0,0.0,399.59
0.0,0.0,0.0,0.0,0.0,0.0,396.76
0.0,0.0,0.0,0.0,0.0,0.0,398.01
0.0,0.0,0.0,0.0,0.0,0.0,274.16
0.0,0.0,0.0,0.0,0.0,0.0,280.99
0.0,0.0,0.0,0.0,0.0,0.0,272.51
0.0,0.0,0.0,0.0,0.0,0.0,259.01
0.0,0.0,0.0,0.0,0.0,0.0,273.84
0.0,0.0,0.0,0.0,0.0,0.0,282.9
0.0,0.0,0.0,0.0,0.0,0.0,268.52
0.0,0.0,0.0,0.0,0.0,0.0,244.84
0.0,0.0,0.0,0.0,0.0,0.0,253.41
0.0,0.0,0.0,0.0,0.0,0.0,390.0
0.0,0.0,0.0,0.0,0.0,0.0,392.92
0.0,0.0,0.0,0.0,0.0,0.0,403.91
0.0,0.0,0.0,0.0,0.0,0.0,266.03
0.0,0.0,0.0,0.0,0.0,0.0,274.84
0.0,0.0,0.0,0.0,0.0,0.0,273.92
0.0,0.0,0.0,0.0,0.0,0.0,249.78
0.0,0.0,0.0,0.0,0.0,0.0,240.21
0.0,0.0,0.0,0.0,0.0,0.0,243.2
0.0,0.0,0.0,0.0,0.0,0.0,230.42
0.0,0.0,0.0,0.0,0.0,0.0,238.66
0.0,0.0,0.0,0.0,0.0,0.0,208.62
0.0,0.0,0.0,0.0,0.0,0.0,402.69
0.0,0.0,0.0,0.0,0.0,0.0,407.46
0.0,0.0,0.0,0.0,0.0,0.0,371.9
0.0,0.0,0.0,0.0,0.0,0.0,249.02
0.0,0.0,0.0,0.0,0.0,0.0,250.68
0.0,0.0,0.0,0.0,0.0,0.0,246.7
0.0,0.0,0.0,0.0,0.0,0.0,241.31
0.0,0.0,0.0,0.0,0.0,0.0,233.21
0.0,0.0,0.0,0.0,0.0,0.0,234.26
0.0,0.0,0.0,0.0,0.0,0.0,204.57
0.0,0.0,0.0,0.0,0.0,0.0,190.01
0.0,0.0,0.0,0.0,0.0,0.0,218.25
0.0,0.0,0.0,0.0,0.0,0.0,408.74
0.0,0.0,0.0,0.0,0.0,0.0,399.04
0.0,0.0,0.0,0.0,0.0,0.0,370.94
0.0,0.0,0.0,0.0,0.0,0.0,247.96
0.0,0.0,0.0,0.0,0.0,0.0,250.11
0.0,0.0,0.0,0.0,0.0,0.0,243.56
0.0,0.0,0.0,0.0,0.0,0.0,234.79
0.0,0.0,0.0,0.0,0.0,0.0,217.54
0.0,0.0,0.0,0.0,0.0,0.0,230.87
0.0,0.0,0.0,0.0,0.0,0.0,221.71
0.0,0.0,0.0,0.0,0.0,0.0,175.62
0.0,0.0,0.0,0.0,0.0,0.0,191.05
0.0,0.0,0.0,0.0,0.0,0.0,402.81
0.0,0.0,0.0,0.0,0.0,0.0,374.26
0.0,0.0,0.0,0.0,0.0,0.0,399.93
0.0,0.0,0.0,0.0,0.0,0.0,264.7
0.0,0.0,0.0,0.0,0.0,0.0,268.52
0.0,0.0,0.0,0.0,0.0,0.0,265.74
0.0,0.0,0.0,0.0,0.0,0.0,265.64
0.0,0.0,0.0,0.0,0.0,0.0,264.02
0.0,0.0,0.0,0.0,0.0,0.0,251.12
0.0,0.0,0.0,0.0,0.0,0.0,246.74
0.0,0.0,0.0,0.0,0.0,0.0,230.95
0.0,0.0,0.0,0.0,0.0,0.0,256.78
0.0,0.0,0.0,0.0,0.0,0.0,392.48
0.0,0.0,0.0,0.0,0.0,0.0,372.82
0.0,0.0,0.0,0.0,0.0,0.0,369.51
0.0,0.0,0.0,0.0,0.0,0.0,258.91
0.0,0.0,0.0,0.0,0.0,0.0,258.17
0.0,0.0,0.0,0.0,0.0,0.0,263.98
0.0,0.0,0.0,0.0,0.0,0.0,226.83
0.0,0.0,0.0,0.0,0.0,0.0,243.98
0.0,0.0,0.0,0.0,0.0,0.0,238.94
0.0,0.0,0.0,0.0,0.0,0.0,205.9
0.0,0.0,0.0,0.0,0.0,0.0,232.25
0.0,0.0,0.0,0.0,0.0,0.0,230.42
0.0,0.0,0.0,0.0,0.0,0.0,373.01
0.0,0.0,0.0,0.0,0.0,0.0,348.55
0.0,0.0,0.0,0.0,0.0,0.0,383.82
0.0,0.0,0.0,0.0,0.0,0.0,226.95
0.0,0.0,0.0,0.0,0.0,0.0,232.6
0.0,0.0,0.0,0.0,0.0,0.0,240.85
0.0,0.0,0.0,0.0,0.0,0.0,211.65
0.0,0.0,0.0,0.0,0.0,0.0,223.69
0.0,0.0,0.0,0.0,0.0,0.0,215.44
0.0,0.0,0.0,0.0,0.0,0.0,195.62
0.0,0.0,0.0,0.0,0.0,0.0,195.75
0.0,0.0,0.0,0.0,0.0,0.0,193.83
0.0,0.0,0.0,0.0,0.0,0.0,338.91
0.0,0.0,0.0,0.0,0.0,0.0,343.88
0.0,0.0,0.0,0.0,0.0,0.0,379.01
0.0,0.0,0.0,0.0,0.0,0.0,219.84
0.0,0.0,0.0,0.0,0.0,0.0,236.06
0.0,0.0,0.0,0.0,0.0,0.0,228.39
0.0,0.0,0.0,0.0,0.0,0.0,212.59
0.0,0.0,0.0,0.0,0.0,0.0,231.28
0.0,0.0,0.0,0.0,0.0,0.0,209.18
0.0,0.0,0.0,0.0,0.0,0.0,183.57
0.0,0.0,0.0,0.0,0.0,0.0,186.44
0.0,0.0,0.0,0.0,0.0,0.0,180.13
0.0,0.0,0.0,0.0,0.0,0.0,370.71
0.0,0.0,0.0,0.0,0.0,0.0,390.97
0.0,0.0,0.0,0.0,0.0,0.0,374.92
0.0,0.0,0.0,0.0,0.0,0.0,271.11
0.0,0.0,0.0,0.0,0.0,0.0,257.63
0.0,0.0,0.0,0.0,0.0,0.0,243.99
0.0,0.0,0.0,0.0,0.0,0.0,238.65
0.0,0.0,0.0,0.0,0.0,0.0,258.31
0.0,0.0,0.0,0.0,0.0,0.0,252.64
0.0,0.0,0.0,0.0,0.0,0.0,233.13
0.0,0.0,0.0,0.0,0.0,0.0,232.42
0.0,0.0,0.0,0.0,0.0,0.0,235.72
0.0,0.0,0.0,0.0,0.0,0.0,354.03
0.0,0.0,0.0,0.0,0.0,0.0,373.52
0.0,0.0,0.0,0.0,0.0,0.0,360.22
0.0,0.0,0.0,0.0,0.0,0.0,250.74
0.0,0.0,0.0,0.0,0.0,0.0,246.23
0.0,0.0,0.0,0.0,0.0,0.0,259.49
0.0,0.0,0.0,0.0,0.0,0.0,225.3
0.0,0.0,0.0,0.0,0.0,0.0,242.43
0.0,0.0,0.0,0.0,0.0,0.0,237.49
0.0,0.0,0.0,0.0,0.0,0.0,211.63
0.0,0.0,0.0,0.0,0.0,0.0,209.17
0.0,0.0,0.0,0.0,0.0,0.0,215.19
0.0,0.0,0.0,0.0,0.0,0.0,353.49
0.0,0.0,0.0,0.0,0.0,0.0,345.37
0.0,0.0,0.0,0.0,0.0,0.0,375.47
0.0,0.0,0.0,0.0,0.0,0.0,219.78
0.0,0.0,0.0,0.0,0.0,0.0,222.56
0.0,0.0,0.0,0.0,0.0,0.0,228.29
0.0,0.0,0.0,0.0,0.0,0.0,212.1
0.0,0.0,0.0,0.0,0.0,0.0,209.67
0.0,0.0,0.0,0.0,0.0,0.0,223.0
0.0,0.0,0.0,0.0,0.0,0.0,197.36
0.0,0.0,0.0,0.0,0.0,0.0,200.28
0.0,0.0,0.0,0.0,0.0,0.0,192.9
0.0,0.0,0.0,0.0,0.0,0.0,367.84
0.0,0.0,0.0,0.0,0.0,0.0,375.98
0.0,0.0,0.0,0.0,0.0,0.0,363.6
0.0,0.0,0.0,0.0,0.0,0.0,222.72
0.0,0.0,0.0,0.0,0.0,0.0,218.63
0.0,0.0,0.0,0.0,0.0,0.0,229.66
0.0,0.0,0.0,0.0,0.0,0.0,200.25
0.0,0.0,0.0,0.0,0.0,0.0,205.47
0.0,0.0,0.0,0.0,0.0,0.0,200.67
0.0,0.0,0.0,0.0,0.0,0.0,183.95
0.0,0.0,0.0,0.0,0.0,0.0,178.49
0.0,0.0,0.0,0.0,0.0,0.0,182.83
0.0,0.0,0.0,0.0,0.0,0.0,357.96
0.0,0.0,0.0,0.0,0.0,0.0,374.82
0.0,0.0,0.0,0.0,0.0,0.0,367.29
0.0,0.0,0.0,0.0,0.0,0.0,240.69
0.0,0.0,0.0,0.0,0.0,0.0,237.6
0.0,0.0,0.0,0.0,0.0,0.0,251.04
0.0,0.0,0.0,0.0,0.0,0.0,254.97
0.0,0.0,0.0,0.0,0.0,0.0,233.34
0.0,0.0,0.0,0.0,0.0,0.0,239.9
0.0,0.0,0.0,0.0,0.0,0.0,218.18
0.0,0.0,0.0,0.0,0.0,0.0,230.83
0.0,0.0,0.0,0.0,0.0,0.0,228.48
0.0,0.0,0.0,0.0,0.0,0.0,337.39
0.0,0.0,0.0,0.0,0.0,0.0,337.2
0.0,0.0,0.0,0.0,0.0,0.0,350.97
0.0,0.0,0.0,0.0,0.0,0.0,231.71
0.0,0.0,0.0,0.0,0.0,0.0,225.86
0.0,0.0,0.0,0.0,0.0,0.0,236.95
0.0,0.0,0.0,0.0,0.0,0.0,216.92
0.0,0.0,0.0,0.0,0.0,0.0,201.45
0.0,0.0,0.0,0.0,0.0,0.0,236.1
0.0,0.0,0.0,0.0,0.0,0.0,202.14
0.0,0.0,0.0,0.0,0.0,0.0,199.07
0.0,0.0,0.0,0.0,0.0,0.0,204.24
0.0,0.0,0.0,0.0,0.0,0.0,317.04
0.0,0.0,0.0,0.0,0.0,0.0,338.03
0.0,0.0,0.0,0.0,0.0,0.0,321.08
0.0,0.0,0.0,0.0,0.0,0.0,208.55
0.0,0.0,0.0,0.0,0.0,0.0,205.26
0.0,0.0,0.0,0.0,0.0,0.0,222.1
0.0,0.0,0.0,0.0,0.0,0.0,188.01
0.0,0.0,0.0,0.0,0.0,0.0,191.22
0.0,0.0,0.0,0.0,0.0,0.0,194.8
0.0,0.0,0.0,0.0,0.0,0.0,170.42
0.0,0.0,0.0,0.0,0.0,0.0,185.04
0.0,0.0,0.0,0.0,0.0,0.0,173.19
0.0,0.0,0.0,0.0,0.0,0.0,322.92
0.0,0.0,0.0,0.0,0.0,0.0,357.19
0.0,0.0,0.0,0.0,0.0,0.0,326.8
0.0,0.0,0.0,0.0,0.0,0.0,191.6
0.0,0.0,0.0,0.0,0.0,0.0,198.58
0.0,0.0,0.0,0.0,0.0,0.0,196.11
0.0,0.0,0.0,0.0,0.0,0.0,193.19
0.0,0.0,0.0,0.0,0.0,0.0,196.67
0.0,0.0,0.0,0.0,0.0,0.0,199.29
0.0,0.0,0.0,0.0,0.0,0.0,159.59
0.0,0.0,0.0,0.0,0.0,0.0,165.79
0.0,0.0,0.0,0.0,0.0,0.0,168.73
0.0,0.0,0.0,0.0,0.0,0.0,335.44
0.0,0.0,0.0,0.0,0.0,0.0,329.78
0.0,0.0,0.0,0.0,0.0,0.0,361.7
0.0,0.0,0.0,0.0,0.0,0.0,249.77
0.0,0.0,0.0,0.0,0.0,0.0,249.19
0.0,0.0,0.0,0.0,0.0,0.0,252.03
0.0,0.0,0.0,0.0,0.0,0.0,250.01
0.0,0.0,0.0,0.0,0.0,0.0,235.33
0.0,0.0,0.0,0.0,0.0,0.0,246.25
0.0,0.0,0.0,0.0,0.0,0.0,248.82
0.0,0.0,0.0,0.0,0.0,0.0,228.81
0.0,0.0,0.0,0.0,0.0,0.0,237.43
0.0,0.0,0.0,0.0,0.0,0.0,327.84
0.0,0.0,0.0,0.0,0.0,0.0,339.72
0.0,0.0,0.0,0.0,0.0,0.0,344.37
0.0,0.0,0.0,0.0,0.0,0.0,225.27
0.0,0.0,0.0,0.0,0.0,0.0,234.81
0.0,0.0,0.0,0.0,0.0,0.0,228.3
0.0,0.0,0.0,0.0,0.0,0.0,197.37
0.0,0.0,0.0,0.0,0.0,0.0,202.89
0.0,0.0,0.0,0.0,0.0,0.0,198.05
0.0,0.0,0.0,0.0,0.0,0.0,190.52
0.0,0.0,0.0,0.0,0.0,0.0,179.31
0.0,0.0,0.0,0.0,0.0,0.0,172.13
0.0,0.0,0.0,0.0,0.0,0.0,356.42
0.0,0.0,0.0,0.0,0.0,0.0,332.36
0.0,0.0,0.0,0.0,0.0,0.0,358.98
0.0,0.0,0.0,0.0,0.0,0.0,226.47
0.0,0.0,0.0,0.0,0.0,0.0,217.49
0.0,0.0,0.0,0.0,0.0,0.0,220.25
0.0,0.0,0.0,0.0,0.0,0.0,195.86
0.0,0.0,0.0,0.0,0.0,0.0,202.83
0.0,0.0,0.0,0.0,0.0,0.0,189.22
0.0,0.0,0.0,0.0,0.0,0.0,172.63
0.0,0.0,0.0,0.0,0.0,0.0,165.4
0.0,0.0,0.0,0.0,0.0,0.0,170.01
0.0,0.0,0.0,0.0,0.0,0.0,318.11
0.0,0.0,0.0,0.0,0.0,0.0,326.17
0.0,0.0,0.0,0.0,0.0,0.0,345.62
0.0,0.0,0.0,0.0,0.0,0.0,205.74
0.0,0.0,0.0,0.0,0.0,0.0,212.57
0.0,0.0,0.0,0.0,0.0,0.0,217.03
0.0,0.0,0.0,0.0,0.0,0.0,194.03
0.0,0.0,0.0,0.0,0.0,0.0,178.47
0.0,0.0,0.0,0.0,0.0,0.0,187.98
0.0,0.0,0.0,0.0,0.0,0.0,171.23
0.0,0.0,0.0,0.0,0.0,0.0,160.14
0.0,0.0,0.0,0.0,0.0,0.0,171.2
0.0,0.0,0.0,0.0,0.0,0.0,7510.5
0.0,0.0,0.0,0.0,0.0,0.0,7856.5
0.0,0.0,0.0,0.0,0.0,0.0,8543.3
0.0,0.0,0.0,0.0,0.0,0.0,2789.5
0.0,0.0,0.0,0.0,0.0,0.0,2829.4
0.0,0.0,0.0,0.0,0.0,0.0,1767.7
0.0,0.0,0.0,0.0,0.0,0.0,3038.3
0.0,0.0,0.0,0.0,0.0,0.0,2769.8
0.0,0.0,0.0,0.0,0.0,0.0,2638.9
0.0,0.0,0.0,0.0,0.0,0.0,2076.2
0.0,0.0,0.0,0.0,0.0,0.0,2693.6
0.0,0.0,0.0,0.0,0.0,0.0,2127.1
0.0,0.0,0.0,0.0,0.0,0.0,7874.1
0.0,0.0,0.0,0.0,0.0,0.0,8259.6
0.0,0.0,0.0,0.0,0.0,0.0,8232.1
0.0,0.0,0.0,0.0,0.0,0.0,2443.8
0.0,0.0,0.0,0.0,0.0,0.0,3187.3
0.0,0.0,0.0,0.0,0.0,0.0,3159.7
0.0,0.0,0.0,0.0,0.0,0.0,1721.4
0.0,0.0,0.0,0.0,0.0,0.0,1606.5
0.0,0.0,0.0,0.0,0.0,0.0,1967.6
0.0,0.0,0.0,0.0,0.0,0.0,1424.7
0.0,0.0,0.0,0.0,0.0,0.0,1529.5
0.0,0.0,0.0,0.0,0.0,0.0,1455.4
0.0,0.0,0.0,0.0,0.0,0.0,13315.0
0.0,0.0,0.0,0.0,0.0,0.0,13236.0
0.0,0.0,0.0,0.0,0.0,0.0,13778.0
0.0,0.0,0.0,0.0,0.0,0.0,3156.8
0.0,0.0,0.0,0.0,0.0,0.0,4822.1
0.0,0.0,0.0,0.0,0.0,0.0,2031.0
0.0,0.0,0.0,0.0,0.0,0.0,1832.4
0.0,0.0,0.0,0.0,0.0,0.0,1598.7
0.0,0.0,0.0,0.0,0.0,0.0,1646.3
0.0,0.0,0.0,0.0,0.0,0.0,1647.7
0.0,0.0,0.0,0.0,0.0,0.0,1584.5
0.0,0.0,0.0,0.0,0.0,0.0,1727.9
0.0,0.0,0.0,0.0,0.0,0.0,14435.0
0.0,0.0,0.0,0.0,0.0,0.0,14081.0
0.0,0.0,0.0,0.0,0.0,0.0,14031.0
0.0,0.0,0.0,0.0,0.0,0.0,2523.8
0.0,0.0,0.0,0.0,0.0,0.0,2415.2
0.0,0.0,0.0,0.0,0.0,0.0,2653.7
0.0,0.0,0.0,0.0,0.0,0.0,2031.3
0.0,0.0,0.0,0.0,0.0,0.0,1427.4
0.0,0.0,0.0,0.0,0.0,0.0,1640.1
0.0,0.0,0.0,0.0,0.0,0.0,1623.8
0.0,0.0,0.0,0.0,0.0,0.0,3734.2
0.0,0.0,0.0,0.0,0.0,0.0,2805.9
0.0,0.0,0.0,0.0,0.0,0.0,7643.0
0.0,0.0,0.0,0.0,0.0,0.0,7344.0
0.0,0.0,0.0,0.0,0.0,0.0,7253.8
0.0,0.0,0.0,0.0,0.0,0.0,2260.4
0.0,0.0,0.0,0.0,0.0,0.0,2369.3
0.0,0.0,0.0,0.0,0.0,0.0,2314.2
0.0,0.0,0.0,0.0,0.0,0.0,2706.7
0.0,0.0,0.0,0.0,0.0,0.0,2939.5
0.0,0.0,0.0,0.0,0.0,0.0,2492.9
0.0,0.0,0.0,0.0,0.0,0.0,2629.6
0.0,0.0,0.0,0.0,0.0,0.0,1648.4
0.0,0.0,0.0,0.0,0.0,0.0,2826.7
0.0,0.0,0.0,0.0,0.0,0.0,7426.6
0.0,0.0,0.0,0.0,0.0,0.0,7872.2
0.0,0.0,0.0,0.0,0.0,0.0,8191.1
0.0,0.0,0.0,0.0,0.0,0.0,2241.7
0.0,0.0,0.0,0.0,0.0,0.0,2060.2
0.0,0.0,0.0,0.0,0.0,0.0,2648.7
0.0,0.0,0.0,0.0,0.0,0.0,1542.8
0.0,0.0,0.0,0.0,0.0,0.0,1638.2
0.0,0.0,0.0,0.0,0.0,0.0,1715.7
0.0,0.0,0.0,0.0,0.0,0.0,1259.5
0.0,0.0,0.0,0.0,0.0,0.0,1342.8
0.0,0.0,0.0,0.0,0.0,0.0,1407.5
0.0,0.0,0.0,0.0,0.0,0.0,13867.0
0.0,0.0,0.0,0.0,0.0,0.0,14031.0
0.0,0.0,0.0,0.0,0.0,0.0,13390.0
0.0,0.0,0.0,0.0,0.0,0.0,2618.9
0.0,0.0,0.0,0.0,0.0,0.0,3230.1
0.0,0.0,0.0,0.0,0.0,0.0,2444.5
0.0,0.0,0.0,0.0,0.0,0.0,1647.3
0.0,0.0,0.0,0.0,0.0,0.0,1651.8
0.0,0.0,0.0,0.0,0.0,0.0,1489.7
0.0,0.0,0.0,0.0,0.0,0.0,1549.6
0.0,0.0,0.0,0.0,0.0,0.0,1934.2
0.0,0.0,0.0,0.0,0.0,0.0,1481.7
0.0,0.0,0.0,0.0,0.0,0.0,15685.0
0.0,0.0,0.0,0.0,0.0,0.0,14481.0
0.0,0.0,0.0,0.0,0.0,0.0,12866.0
0.0,0.0,0.0,0.0,0.0,0.0,2945.7
0.0,0.0,0.0,0.0,0.0,0.0,2434.2
0.0,0.0,0.0,0.0,0.0,0.0,2886.9
0.0,0.0,0.0,0.0,0.0,0.0,1974.8
0.0,0.0,0.0,0.0,0.0,0.0,1765.3
0.0,0.0,0.0,0.0,0.0,0.0,1860.6
0.0,0.0,0.0,0.0,0.0,0.0,2527.7
0.0,0.0,0.0,0.0,0.0,0.0,1837.9
0.0,0.0,0.0,0.0,0.0,0.0,1376.7
0.0,0.0,0.0,0.0,0.0,0.0,7344.5
0.0,0.0,0.0,0.0,0.0,0.0,6743.2
0.0,0.0,0.0,0.0,0.0,0.0,7590.9
0.0,0.0,0.0,0.0,0.0,0.0,2784.0
0.0,0.0,0.0,0.0,0.0,0.0,1816.1
0.0,0.0,0.0,0.0,0.0,0.0,2559.3
0.0,0.0,0.0,0.0,0.0,0.0,1791.5
0.0,0.0,0.0,0.0,0.0,0.0,1741.7
0.0,0.0,0.0,0.0,0.0,0.0,2458.7
0.0,0.0,0.0,0.0,0.0,0.0,2715.2
0.0,0.0,0.0,0.0,0.0,0.0,2410.0
0.0,0.0,0.0,0.0,0.0,0.0,1853.9
0.0,0.0,0.0,0.0,0.0,0.0,7668.9
0.0,0.0,0.0,0.0,0.0,0.0,7795.6
0.0,0.0,0.0,0.0,0.0,0.0,7708.0
0.0,0.0,0.0,0.0,0.0,0.0,2522.6
0.0,0.0,0.0,0.0,0.0,0.0,2309.4
0.0,0.0,0.0,0.0,0.0,0.0,2745.5
0.0,0.0,0.0,0.0,0.0,0.0,1521.4
0.0,0.0,0.0,0.0,0.0,0.0,1677.0
0.0,0.0,0.0,0.0,0.0,0.0,1648.2
0.0,0.0,0.0,0.0,0.0,0.0,1294.2
0.0,0.0,0.0,0.0,0.0,0.0,1204.1
0.0,0.0,0.0,0.0,0.0,0.0,1283.9
0.0,0.0,0.0,0.0,0.0,0.0,13958.0
0.0,0.0,0.0,0.0,0.0,0.0,13193.0
0.0,0.0,0.0,0.0,0.0,0.0,12850.0
0.0,0.0,0.0,0.0,0.0,0.0,2797.2
0.0,0.0,0.0,0.0,0.0,0.0,2858.1
0.0,0.0,0.0,0.0,0.0,0.0,3335.2
0.0,0.0,0.0,0.0,0.0,0.0,1519.0
0.0,0.0,0.0,0.0,0.0,0.0,1709.4
0.0,0.0,0.0,0.0,0.0,0.0,1484.9
0.0,0.0,0.0,0.0,0.0,0.0,1842.2
0.0,0.0,0.0,0.0,0.0,0.0,1289.0
0.0,0.0,0.0,0.0,0.0,0.0,1468.7
0.0,0.0,0.0,0.0,0.0,0.0,11652.0
0.0,0.0,0.0,0.0,0.0,0.0,14247.0
0.0,0.0,0.0,0.0,0.0,0.0,13883.0
0.0,0.0,0.0,0.0,0.0,0.0,3792.6
0.0,0.0,0.0,0.0,0.0,0.0,3452.3
0.0,0.0,0.0,0.0,0.0,0.0,1911.3
0.0,0.0,0.0,0.0,0.0,0.0,1929.2
0.0,0.0,0.0,0.0,0.0,0.0,1518.7
0.0,0.0,0.0,0.0,0.0,0.0,1474.7
0.0,0.0,0.0,0.0,0.0,0.0,1619.5
0.0,0.0,0.0,0.0,0.0,0.0,1857.8
0.0,0.0,0.0,0.0,0.0,0.0,1875.4
0.0,0.0,0.0,0.0,0.0,0.0,4074.0
0.0,0.0,0.0,0.0,0.0,0.0,3970.5
0.0,0.0,0.0,0.0,0.0,0.0,4827.2
0.0,0.0,0.0,0.0,0.0,0.0,2145.7
0.0,0.0,0.0,0.0,0.0,0.0,1979.8
0.0,0.0,0.0,0.0,0.0,0.0,2091.6
0.0,0.0,0.0,0.0,0.0,0.0,1955.0
0.0,0.0,0.0,0.0,0.0,0.0,2393.2
0.0,0.0,0.0,0.0,0.0,0.0,2127.8
0.0,0.0,0.0,0.0,0.0,0.0,2020.8
0.0,0.0,0.0,0.0,0.0,0.0,1860.2
0.0,0.0,0.0,0.0,0.0,0.0,1956.5
0.0,0.0,0.0,0.0,0.0,0.0,6619.1
0.0,0.0,0.0,0.0,0.0,0.0,5845.8
0.0,0.0,0.0,0.0,0.0,0.0,7067.1
0.0,0.0,0.0,0.0,0.0,0.0,2534.9
0.0,0.0,0.0,0.0,0.0,0.0,2382.2
0.0,0.0,0.0,0.0,0.0,0.0,1804.1
0.0,0.0,0.0,0.0,0.0,0.0,1501.6
0.0,0.0,0.0,0.0,0.0,0.0,1506.9
0.0,0.0,0.0,0.0,0.0,0.0,1390.6
0.0,0.0,0.0,0.0,0.0,0.0,1307.2
0.0,0.0,0.0,0.0,0.0,0.0,1422.1
0.0,0.0,0.0,0.0,0.0,0.0,1233.2
0.0,0.0,0.0,0.0,0.0,0.0,12984.0
0.0,0.0,0.0,0.0,0.0,0.0,12635.0
0.0,0.0,0.0,0.0,0.0,0.0,12102.0
0.0,0.0,0.0,0.0,0.0,0.0,1824.8
0.0,0.0,0.0,0.0,0.0,0.0,2083.0
0.0,0.0,0.0,0.0,0.0,0.0,2045.8
0.0,0.0,0.0,0.0,0.0,0.0,1310.4
0.0,0.0,0.0,0.0,0.0,0.0,1605.3
0.0,0.0,0.0,0.0,0.0,0.0,1204.8
0.0,0.0,0.0,0.0,0.0,0.0,1478.4
0.0,0.0,0.0,0.0,0.0,0.0,1436.4
0.0,0.0,0.0,0.0,0.0,0.0,1289.7
0.0,0.0,0.0,0.0,0.0,0.0,15093.0
0.0,0.0,0.0,0.0,0.0,0.0,13339.0
0.0,0.0,0.0,0.0,0.0,0.0,14945.0
0.0,0.0,0.0,0.0,0.0,0.0,2057.7
0.0,0.0,0.0,0.0,0.0,0.0,4075.1
0.0,0.0,0.0,0.0,0.0,0.0,1985.8
0.0,0.0,0.0,0.0,0.0,0.0,1375.1
0.0,0.0,0.0,0.0,0.0,0.0,1529.5
0.0,0.0,0.0,0.0,0.0,0.0,1230.8
0.0,0.0,0.0,0.0,0.0,0.0,1481.3
0.0,0.0,0.0,0.0,0.0,0.0,1483.8
0.0,0.0,0.0,0.0,0.0,0.0,1667.0
0.0,0.0,0.0,0.0,0.0,0.0,3718.5
0.0,0.0,0.0,0.0,0.0,0.0,3740.2
0.0,0.0,0.0,0.0,0.0,0.0,3254.5
0.0,0.0,0.0,0.0,0.0,0.0,1814.3
0.0,0.0,0.0,0.0,0.0,0.0,1650.5
0.0,0.0,0.0,0.0,0.0,0.0,1652.8
0.0,0.0,0.0,0.0,0.0,0.0,1906.3
0.0,0.0,0.0,0.0,0.0,0.0,1810.7
0.0,0.0,0.0,0.0,0.0,0.0,1692.0
0.0,0.0,0.0,0.0,0.0,0.0,1793.8
0.0,0.0,0.0,0.0,0.0,0.0,2278.7
0.0,0.0,0.0,0.0,0.0,0.0,1756.6
0.0,0.0,0.0,0.0,0.0,0.0,3870.6
0.0,0.0,0.0,0.0,0.0,0.0,4262.4
0.0,0.0,0.0,0.0,0.0,0.0,3546.1
0.0,0.0,0.0,0.0,0.0,0.0,2017.4
0.0,0.0,0.0,0.0,0.0,0.0,1920.0
0.0,0.0,0.0,0.0,0.0,0.0,1740.6
0.0,0.0,0.0,0.0,0.0,0.0,1295.7
0.0,0.0,0.0,0.0,0.0,0.0,1420.5
0.0,0.0,0.0,0.0,0.0,0.0,1586.6
0.0,0.0,0.0,0.0,0.0,0.0,1191.2
0.0,0.0,0.0,0.0,0.0,0.0,1255.9
0.0,0.0,0.0,0.0,0.0,0.0,1087.6
0.0,0.0,0.0,0.0,0.0,0.0,12280.0
0.0,0.0,0.0,0.0,0.0,0.0,12121.0
0.0,0.0,0.0,0.0,0.0,0.0,11938.0
0.0,0.0,0.0,0.0,0.0,0.0,2250.4
0.0,0.0,0.0,0.0,0.0,0.0,1974.6
0.0,0.0,0.0,0.0,0.0,0.0,1588.3
0.0,0.0,0.0,0.0,0.0,0.0,1403.4
0.0,0.0,0.0,0.0,0.0,0.0,1324.6
0.0,0.0,0.0,0.0,0.0,0.0,1263.4
0.0,0.0,0.0,0.0,0.0,0.0,1130.6
0.0,0.0,0.0,0.0,0.0,0.0,1426.5
0.0,0.0,0.0,0.0,0.0,0.0,1422.6
0.0,0.0,0.0,0.0,0.0,0.0,13393.0
0.0,0.0,0.0,0.0,0.0,0.0,13224.0
0.0,0.0,0.0,0.0,0.0,0.0,10781.0
0.0,0.0,0.0,0.0,0.0,0.0,1926.7
0.0,0.0,0.0,0.0,0.0,0.0,1743.3
0.0,0.0,0.0,0.0,0.0,0.0,2061.2
0.0,0.0,0.0,0.0,0.0,0.0,1252.7
0.0,0.0,0.0,0.0,0.0,0.0,1166.4
0.0,0.0,0.0,0.0,0.0,0.0,1499.4
0.0,0.0,0.0,0.0,0.0,0.0,1266.4
0.0,0.0,0.0,0.0,0.0,0.0,1756.7
0.0,0.0,0.0,0.0,0.0,0.0,1884.5
0.0,0.0,0.0,0.0,0.0,0.0,40806.0
0.0,0.0,0.0,0.0,0.0,0.0,44668.0
0.0,0.0,0.0,0.0,0.0,0.0,41792.0
0.0,0.0,0.0,0.0,0.0,0.0,35698.0
0.0,0.0,0.0,0.0,0.0,0.0,34617.0
0.0,0.0,0.0,0.0,0.0,0.0,40081.0
0.0,0.0,0.0,0.0,0.0,0.0,35799.0
0.0,0.0,0.0,0.0,0.0,0.0,42547.0
0.0,0.0,0.0,0.0,0.0,0.0,41408.0
0.0,0.0,0.0,0.0,0.0,0.0,34969.0
0.0,0.0,0.0,0.0,0.0,0.0,37236.0
0.0,0.0,0.0,0.0,0.0,0.0,42442.0
0.0,0.0,0.0,0.0,0.0,0.0,37441.0
0.0,0.0,0.0,0.0,0.0,0.0,34021.0
0.0,0.0,0.0,0.0,0.0,0.0,43433.0
0.0,0.0,0.0,0.0,0.0,0.0,31867.0
0.0,0.0,0.0,0.0,0.0,0.0,37480.0
0.0,0.0,0.0,0.0,0.0,0.0,30654.0
0.0,0.0,0.0,0.0,0.0,0.0,21646.0
0.0,0.0,0.0,0.0,0.0,0.0,23302.0
0.0,0.0,0.0,0.0,0.0,0.0,27535.0
0.0,0.0,0.0,0.0,0.0,0.0,18562.0
0.0,0.0,0.0,0.0,0.0,0.0,23265.0
0.0,0.0,0.0,0.0,0.0,0.0,15677.0
0.0,0.0,0.0,0.0,0.0,0.0,52019.0
0.0,0.0,0.0,0.0,0.0,0.0,49677.0
0.0,0.0,0.0,0.0,0.0,0.0,40679.0
0.0,0.0,0.0,0.0,0.0,0.0,34413.0
0.0,0.0,0.0,0.0,0.0,0.0,36668.0
0.0,0.0,0.0,0.0,0.0,0.0,28561.0
0.0,0.0,0.0,0.0,0.0,0.0,27925.0
0.0,0.0,0.0,0.0,0.0,0.0,29905.0
0.0,0.0,0.0,0.0,0.0,0.0,27077.0
0.0,0.0,0.0,0.0,0.0,0.0,29063.0
0.0,0.0,0.0,0.0,0.0,0.0,33561.0
0.0,0.0,0.0,0.0,0.0,0.0,30580.0
0.0,0.0,0.0,0.0,0.0,0.0,42849.0
0.0,0.0,0.0,0.0,0.0,0.0,47411.0
0.0,0.0,0.0,0.0,0.0,0.0,45644.0
0.0,0.0,0.0,0.0,0.0,0.0,34340.0
0.0,0.0,0.0,0.0,0.0,0.0,44613.0
0.0,0.0,0.0,0.0,0.0,0.0,46191.0
0.0,0.0,0.0,0.0,0.0,0.0,30588.0
0.0,0.0,0.0,0.0,0.0,0.0,38983.0
0.0,0.0,0.0,0.0,0.0,0.0,40227.0
0.0,0.0,0.0,0.0,0.0,0.0,53402.0
0.0,0.0,0.0,0.0,0.0,0.0,33113.0
0.0,0.0,0.0,0.0,0.0,0.0,34931.0
0.0,0.0,0.0,0.0,0.0,0.0,38451.0
0.0,0.0,0.0,0.0,0.0,0.0,43932.0
0.0,0.0,0.0,0.0,0.0,0.0,44219.0
0.0,0.0,0.0,0.0,0.0,0.0,41076.0
0.0,0.0,0.0,0.0,0.0,0.0,38526.0
0.0,0.0,0.0,0.0,0.0,0.0,37571.0
0.0,0.0,0.0,0.0,0.0,0.0,37193.0
0.0,0.0,0.0,0.0,0.0,0.0,41529.0
0.0,0.0,0.0,0.0,0.0,0.0,38349.0
0.0,0.0,0.0,0.0,0.0,0.0,38475.0
0.0,0.0,0.0,0.0,0.0,0.0,42021.0
0.0,0.0,0.0,0.0,0.0,0.0,39212.0
0.0,0.0,0.0,0.0,0.0,0.0,36056.0
0.0,0.0,0.0,0.0,0.0,0.0,33875.0
0.0,0.0,0.0,0.0,0.0,0.0,39107.0
0.0,0.0,0.0,0.0,0.0,0.0,32528.0
0.0,0.0,0.0,0.0,0.0,0.0,29295.0
0.0,0.0,0.0,0.0,0.0,0.0,35420.0
0.0,0.0,0.0,0.0,0.0,0.0,19364.0
0.0,0.0,0.0,0.0,0.0,0.0,22504.0
0.0,0.0,0.0,0.0,0.0,0.0,27173.0
0.0,0.0,0.0,0.0,0.0,0.0,24969.0
0.0,0.0,0.0,0.0,0.0,0.0,26472.0
0.0,0.0,0.0,0.0,0.0,0.0,30292.0
0.0,0.0,0.0,0.0,0.0,0.0,39255.0
0.0,0.0,0.0,0.0,0.0,0.0,38824.0
0.0,0.0,0.0,0.0,0.0,0.0,45002.0
0.0,0.0,0.0,0.0,0.0,0.0,32098.0
0.0,0.0,0.0,0.0,0.0,0.0,40581.0
0.0,0.0,0.0,0.0,0.0,0.0,49528.0
0.0,0.0,0.0,0.0,0.0,0.0,33641.0
0.0,0.0,0.0,0.0,0.0,0.0,34616.0
0.0,0.0,0.0,0.0,0.0,0.0,30305.0
0.0,0.0,0.0,0.0,0.0,0.0,36838.0
0.0,0.0,0.0,0.0,0.0,0.0,36923.0
0.0,0.0,0.0,0.0,0.0,0.0,30039.0
0.0,0.0,0.0,0.0,0.0,0.0,50320.0
0.0,0.0,0.0,0.0,0.0,0.0,38748.0
0.0,0.0,0.0,0.0,0.0,0.0,46164.0
0.0,0.0,0.0,0.0,0.0,0.0,29633.0
0.0,0.0,0.0,0.0,0.0,0.0,41218.0
0.0,0.0,0.0,0.0,0.0,0.0,31200.0
0.0,0.0,0.0,0.0,0.0,0.0,38482.0
0.0,0.0,0.0,0.0,0.0,0.0,39887.0
0.0,0.0,0.0,0.0,0.0,0.0,36233.0
0.0,0.0,0.0,0.0,0.0,0.0,30932.0
0.0,0.0,0.0,0.0,0.0,0.0,25140.0
0.0,0.0,0.0,0.0,0.0,0.0,33111.0
0.0,0.0,0.0,0.0,0.0,0.0,36668.0
0.0,0.0,0.0,0.0,0.0,0.0,31208.0
0.0,0.0,0.0,0.0,0.0,0.0,43616.0
0.0,0.0,0.0,0.0,0.0,0.0,34213.0
0.0,0.0,0.0,0.0,0.0,0.0,44007.0
0.0,0.0,0.0,0.0,0.0,0.0,39746.0
0.0,0.0,0.0,0.0,0.0,0.0,31764.0
0.0,0.0,0.0,0.0,0.0,0.0,43301.0
0.0,0.0,0.0,0.0,0.0,0.0,41984.0
0.0,0.0,0.0,0.0,0.0,0.0,36689.0
0.0,0.0,0.0,0.0,0.0,0.0,37575.0
0.0,0.0,0.0,0.0,0.0,0.0,38749.0
0.0,0.0,0.0,0.0,0.0,0.0,40177.0
0.0,0.0,0.0,0.0,0.0,0.0,37672.0
0.0,0.0,0.0,0.0,0.0,0.0,40928.0
0.0,0.0,0.0,0.0,0.0,0.0,27821.0
0.0,0.0,0.0,0.0,0.0,0.0,38415.0
0.0,0.0,0.0,0.0,0.0,0.0,30888.0
0.0,0.0,0.0,0.0,0.0,0.0,20067.0
0.0,0.0,0.0,0.0,0.0,0.0,32196.0
0.0,0.0,0.0,0.0,0.0,0.0,26137.0
0.0,0.0,0.0,0.0,0.0,0.0,22456.0
0.0,0.0,0.0,0.0,0.0,0.0,26171.0
0.0,0.0,0.0,0.0,0.0,0.0,23414.0
0.0,0.0,0.0,0.0,0.0,0.0,43013.0
0.0,0.0,0.0,0.0,0.0,0.0,43188.0
0.0,0.0,0.0,0.0,0.0,0.0,49673.0
0.0,0.0,0.0,0.0,0.0,0.0,35063.0
0.0,0.0,0.0,0.0,0.0,0.0,27054.0
0.0,0.0,0.0,0.0,0.0,0.0,33324.0
0.0,0.0,0.0,0.0,0.0,0.0,20988.0
0.0,0.0,0.0,0.0,0.0,0.0,39546.0
0.0,0.0,0.0,0.0,0.0,0.0,31267.0
0.0,0.0,0.0,0.0,0.0,0.0,34273.0
0.0,0.0,0.0,0.0,0.0,0.0,35113.0
0.0,0.0,0.0,0.0,0.0,0.0,34726.0
0.0,0.0,0.0,0.0,0.0,0.0,47430.0
0.0,0.0,0.0,0.0,0.0,0.0,42230.0
0.0,0.0,0.0,0.0,0.0,0.0,46122.0
0.0,0.0,0.0,0.0,0.0,0.0,30533.0
0.0,0.0,0.0,0.0,0.0,0.0,43666.0
0.0,0.0,0.0,0.0,0.0,0.0,48163.0
0.0,0.0,0.0,0.0,0.0,0.0,47615.0
0.0,0.0,0.0,0.0,0.0,0.0,31993.0
0.0,0.0,0.0,0.0,0.0,0.0,26787.0
0.0,0.0,0.0,0.0,0.0,0.0,27235.0
0.0,0.0,0.0,0.0,0.0,0.0,21874.0
0.0,0.0,0.0,0.0,0.0,0.0,42610.0
0.0,0.0,0.0,0.0,0.0,0.0,42927.0
0.0,0.0,0.0,0.0,0.0,0.0,42341.0
0.0,0.0,0.0,0.0,0.0,0.0,45791.0
0.0,0.0,0.0,0.0,0.0,0.0,37625.0
0.0,0.0,0.0,0.0,0.0,0.0,36884.0
0.0,0.0,0.0,0.0,0.0,0.0,40238.0
0.0,0.0,0.0,0.0,0.0,0.0,35362.0
0.0,0.0,0.0,0.0,0.0,0.0,41060.0
0.0,0.0,0.0,0.0,0.0,0.0,39713.0
0.0,0.0,0.0,0.0,0.0,0.0,39021.0
0.0,0.0,0.0,0.0,0.0,0.0,42837.0
0.0,0.0,0.0,0.0,0.0,0.0,42122.0
0.0,0.0,0.0,0.0,0.0,0.0,38896.0
0.0,0.0,0.0,0.0,0.0,0.0,43331.0
0.0,0.0,0.0,0.0,0.0,0.0,36267.0
0.0,0.0,0.0,0.0,0.0,0.0,34569.0
0.0,0.0,0.0,0.0,0.0,0.0,31929.0
0.0,0.0,0.0,0.0,0.0,0.0,36527.0
0.0,0.0,0.0,0.0,0.0,0.0,23429.0
0.0,0.0,0.0,0.0,0.0,0.0,30171.0
0.0,0.0,0.0,0.0,0.0,0.0,22131.0
0.0,0.0,0.0,0.0,0.0,0.0,19881.0
0.0,0.0,0.0,0.0,0.0,0.0,19113.0
0.0,0.0,0.0,0.0,0.0,0.0,22782.0
0.0,0.0,0.0,0.0,0.0,0.0,36821.0
0.0,0.0,0.0,0.0,0.0,0.0,39848.0
0.0,0.0,0.0,0.0,0.0,0.0,44880.0
0.0,0.0,0.0,0.0,0.0,0.0,36974.0
0.0,0.0,0.0,0.0,0.0,0.0,41516.0
0.0,0.0,0.0,0.0,0.0,0.0,24558.0
0.0,0.0,0.0,0.0,0.0,0.0,33033.0
0.0,0.0,0.0,0.0,0.0,0.0,32476.0
0.0,0.0,0.0,0.0,0.0,0.0,33709.0
0.0,0.0,0.0,0.0,0.0,0.0,28436.0
0.0,0.0,0.0,0.0,0.0,0.0,34327.0
0.0,0.0,0.0,0.0,0.0,0.0,32981.0
0.0,0.0,0.0,0.0,0.0,0.0,50901.0
0.0,0.0,0.0,0.0,0.0,0.0,55209.0
0.0,0.0,0.0,0.0,0.0,0.0,49336.0
0.0,0.0,0.0,0.0,0.0,0.0,43258.0
0.0,0.0,0.0,0.0,0.0,0.0,33087.0
0.0,0.0,0.0,0.0,0.0,0.0,44556.0
0.0,0.0,0.0,0.0,0.0,0.0,27057.0
0.0,0.0,0.0,0.0,0.0,0.0,44389.0
0.0,0.0,0.0,0.0,0.0,0.0,37016.0
0.0,0.0,0.0,0.0,0.0,0.0,31612.0
0.0,0.0,0.0,0.0,0.0,0.0,21603.0
0.0,0.0,0.0,0.0,0.0,0.0,32262.0
0.0,0.0,0.0,0.0,0.0,0.0,38592.0
0.0,0.0,0.0,0.0,0.0,0.0,40931.0
0.0,0.0,0.0,0.0,0.0,0.0,42038.0
0.0,0.0,0.0,0.0,0.0,0.0,39303.0
0.0,0.0,0.0,0.0,0.0,0.0,35683.0
0.0,0.0,0.0,0.0,0.0,0.0,35971.0
0.0,0.0,0.0,0.0,0.0,0.0,38088.0
0.0,0.0,0.0,0.0,0.0,0.0,35198.0
0.0,0.0,0.0,0.0,0.0,0.0,36657.0
0.0,0.0,0.0,0.0,0.0,0.0,41615.0
0.0,0.0,0.0,0.0,0.0,0.0,37819.0
0.0,0.0,0.0,0.0,0.0,0.0,39340.0
0.0,0.0,0.0,0.0,0.0,0.0,36854.0
0.0,0.0,0.0,0.0,0.0,0.0,40528.0
0.0,0.0,0.0,0.0,0.0,0.0,43148.0
0.0,0.0,0.0,0.0,0.0,0.0,34078.0
0.0,0.0,0.0,0.0,0.0,0.0,28496.0
0.0,0.0,0.0,0.0,0.0,0.0,24624.0
0.0,0.0,0.0,0.0,0.0,0.0,28380.0
0.0,0.0,0.0,0.0,0.0,0.0,27171.0
0.0,0.0,0.0,0.0,0.0,0.0,20972.0
0.0,0.0,0.0,0.0,0.0,0.0,24119.0
0.0,0.0,0.0,0.0,0.0,0.0,28225.0
0.0,0.0,0.0,0.0,0.0,0.0,22515.0
0.0,0.0,0.0,0.0,0.0,0.0,37770.0
0.0,0.0,0.0,0.0,0.0,0.0,46113.0
0.0,0.0,0.0,0.0,0.0,0.0,38220.0
0.0,0.0,0.0,0.0,0.0,0.0,26407.0
0.0,0.0,0.0,0.0,0.0,0.0,39989.0
0.0,0.0,0.0,0.0,0.0,0.0,39333.0
0.0,0.0,0.0,0.0,0.0,0.0,30532.0
0.0,0.0,0.0,0.0,0.0,0.0,24913.0
0.0,0.0,0.0,0.0,0.0,0.0,31823.0
0.0,0.0,0.0,0.0,0.0,0.0,28983.0
0.0,0.0,0.0,0.0,0.0,0.0,20933.0
0.0,0.0,0.0,0.0,0.0,0.0,30084.0
0.0,0.0,0.0,0.0,0.0,0.0,31469.0
0.0,0.0,0.0,0.0,0.0,0.0,43257.0
0.0,0.0,0.0,0.0,0.0,0.0,39811.0
0.0,0.0,0.0,0.0,0.0,0.0,44046.0
0.0,0.0,0.0,0.0,0.0,0.0,38487.0
0.0,0.0,0.0,0.0,0.0,0.0,35625.0
0.0,0.0,0.0,0.0,0.0,0.0,29566.0
0.0,0.0,0.0,0.0,0.0,0.0,38920.0
0.0,0.0,0.0,0.0,0.0,0.0,34806.0
0.0,0.0,0.0,0.0,0.0,0.0,25576.0
0.0,0.0,0.0,0.0,0.0,0.0,31696.0
0.0,0.0,0.0,0.0,0.0,0.0,27218.0
