$Operations,$Eval_Neg,$ToString_Plus,$Neg,$Eval_Plus,$base,$Plus,$Numbers,$Eval,$ToString,$ToString_Numbers,$ToString_Neg,$Eval_Numbers,$<BinarySize
0.000,0.000,0.000,0.000,0.000,0.000,0.000,0.000,0.000,0.000,0.000,0.000,0.000,5244.000
0.000,0.000,0.000,0.000,0.000,0.000,1.000,0.000,0.000,0.000,0.000,0.000,0.000,5547.000
0.000,0.000,0.000,0.000,0.000,0.000,0.000,1.000,0.000,0.000,0.000,0.000,0.000,5493.000
0.000,0.000,0.000,1.000,0.000,0.000,0.000,0.000,0.000,0.000,0.000,0.000,0.000,5505.000
0.000,1.000,0.000,1.000,1.000,0.000,1.000,1.000,1.000,0.000,0.000,0.000,1.000,7231.000
0.000,0.000,0.000,0.000,0.000,0.000,0.000,0.000,0.000,1.000,0.000,0.000,0.000,5005.000
0.000,0.000,0.000,0.000,0.000,0.000,0.000,0.000,0.000,0.000,0.000,1.000,0.000,5244.000
0.000,1.000,0.000,0.000,0.000,0.000,0.000,0.000,0.000,0.000,0.000,1.000,0.000,4963.000
0.000,0.000,0.000,0.000,1.000,0.000,0.000,0.000,0.000,0.000,0.000,1.000,0.000,4963.000
0.000,1.000,0.000,0.000,1.000,0.000,0.000,0.000,0.000,0.000,0.000,1.000,0.000,4963.000
0.000,0.000,0.000,0.000,0.000,0.000,1.000,0.000,0.000,0.000,0.000,1.000,0.000,5547.000
0.000,0.000,0.000,0.000,1.000,0.000,1.000,0.000,0.000,0.000,0.000,1.000,0.000,4963.000
0.000,1.000,0.000,0.000,0.000,0.000,1.000,0.000,0.000,0.000,0.000,1.000,0.000,4963.000
0.000,1.000,0.000,0.000,1.000,0.000,1.000,0.000,0.000,0.000,0.000,1.000,0.000,4963.000
0.000,0.000,0.000,1.000,0.000,0.000,0.000,0.000,0.000,0.000,0.000,1.000,0.000,5505.000
0.000,1.000,0.000,1.000,0.000,0.000,0.000,0.000,0.000,0.000,0.000,1.000,0.000,4963.000
0.000,0.000,0.000,1.000,1.000,0.000,0.000,0.000,0.000,0.000,0.000,1.000,0.000,5224.000
0.000,1.000,0.000,1.000,1.000,0.000,0.000,0.000,0.000,0.000,0.000,1.000,0.000,4963.000
0.000,0.000,0.000,1.000,0.000,0.000,1.000,0.000,0.000,0.000,0.000,1.000,0.000,5808.000
0.000,0.000,0.000,1.000,1.000,0.000,1.000,0.000,0.000,0.000,0.000,1.000,0.000,5224.000
0.000,1.000,0.000,1.000,0.000,0.000,1.000,0.000,0.000,0.000,0.000,1.000,0.000,4963.000
0.000,1.000,0.000,1.000,1.000,0.000,1.000,0.000,0.000,0.000,0.000,1.000,0.000,4963.000
0.000,0.000,0.000,0.000,0.000,0.000,0.000,1.000,0.000,0.000,0.000,1.000,0.000,5493.000
0.000,1.000,0.000,0.000,0.000,0.000,0.000,1.000,0.000,0.000,0.000,1.000,0.000,4963.000
0.000,0.000,0.000,0.000,1.000,0.000,0.000,1.000,0.000,0.000,0.000,1.000,0.000,5212.000
0.000,1.000,0.000,0.000,1.000,0.000,0.000,1.000,0.000,0.000,0.000,1.000,0.000,4963.000
0.000,0.000,0.000,1.000,0.000,0.000,0.000,1.000,0.000,0.000,0.000,1.000,0.000,5754.000
0.000,0.000,0.000,1.000,1.000,0.000,0.000,1.000,0.000,0.000,0.000,1.000,0.000,5473.000
0.000,1.000,0.000,1.000,0.000,0.000,0.000,1.000,0.000,0.000,0.000,1.000,0.000,4963.000
0.000,1.000,0.000,1.000,1.000,0.000,0.000,1.000,0.000,0.000,0.000,1.000,0.000,4963.000
0.000,0.000,0.000,0.000,0.000,0.000,1.000,1.000,0.000,0.000,0.000,1.000,0.000,5796.000
0.000,1.000,0.000,0.000,0.000,0.000,1.000,1.000,0.000,0.000,0.000,1.000,0.000,4963.000
0.000,0.000,0.000,0.000,1.000,0.000,1.000,1.000,0.000,0.000,0.000,1.000,0.000,5212.000
0.000,1.000,0.000,0.000,1.000,0.000,1.000,1.000,0.000,0.000,0.000,1.000,0.000,4963.000
0.000,0.000,0.000,1.000,0.000,0.000,1.000,1.000,0.000,0.000,0.000,1.000,0.000,6057.000
0.000,0.000,0.000,1.000,1.000,0.000,1.000,1.000,0.000,0.000,0.000,1.000,0.000,5473.000
0.000,1.000,0.000,1.000,0.000,0.000,1.000,1.000,0.000,0.000,0.000,1.000,0.000,4963.000
0.000,1.000,0.000,1.000,1.000,0.000,1.000,1.000,0.000,0.000,0.000,1.000,0.000,4963.000
0.000,0.000,0.000,0.000,0.000,0.000,0.000,0.000,0.000,1.000,1.000,0.000,0.000,5005.000
0.000,0.000,0.000,0.000,0.000,0.000,0.000,0.000,0.000,1.000,0.000,1.000,0.000,5005.000
0.000,0.000,0.000,0.000,0.000,0.000,0.000,0.000,0.000,1.000,1.000,1.000,0.000,5005.000
0.000,0.000,0.000,0.000,1.000,0.000,0.000,0.000,0.000,1.000,0.000,0.000,0.000,5005.000
0.000,0.000,0.000,0.000,1.000,0.000,0.000,0.000,0.000,1.000,0.000,1.000,0.000,5005.000
0.000,0.000,0.000,0.000,1.000,0.000,0.000,0.000,0.000,1.000,1.000,0.000,0.000,5005.000
0.000,0.000,0.000,0.000,1.000,0.000,0.000,0.000,0.000,1.000,1.000,1.000,0.000,5005.000
0.000,1.000,0.000,0.000,0.000,0.000,0.000,0.000,0.000,1.000,0.000,0.000,0.000,5005.000
0.000,1.000,0.000,0.000,0.000,0.000,0.000,0.000,0.000,1.000,1.000,0.000,0.000,5005.000
0.000,1.000,0.000,0.000,1.000,0.000,0.000,0.000,0.000,1.000,0.000,0.000,0.000,5005.000
0.000,1.000,0.000,0.000,1.000,0.000,0.000,0.000,0.000,1.000,1.000,0.000,0.000,5005.000
0.000,1.000,0.000,0.000,0.000,0.000,0.000,0.000,0.000,1.000,0.000,1.000,0.000,5005.000
0.000,1.000,0.000,0.000,1.000,0.000,0.000,0.000,0.000,1.000,0.000,1.000,0.000,5005.000
0.000,1.000,0.000,0.000,0.000,0.000,0.000,0.000,0.000,1.000,1.000,1.000,0.000,5005.000
0.000,1.000,0.000,0.000,1.000,0.000,0.000,0.000,0.000,1.000,1.000,1.000,0.000,5005.000
0.000,0.000,1.000,0.000,0.000,0.000,0.000,0.000,0.000,1.000,0.000,0.000,0.000,5005.000
0.000,0.000,1.000,0.000,0.000,0.000,0.000,0.000,0.000,1.000,1.000,0.000,0.000,5005.000
0.000,0.000,1.000,0.000,0.000,0.000,0.000,0.000,0.000,1.000,0.000,1.000,0.000,5005.000
0.000,0.000,1.000,0.000,0.000,0.000,0.000,0.000,0.000,1.000,1.000,1.000,0.000,5005.000
0.000,1.000,1.000,0.000,0.000,0.000,0.000,0.000,0.000,1.000,0.000,0.000,0.000,5005.000
0.000,1.000,1.000,0.000,0.000,0.000,0.000,0.000,0.000,1.000,0.000,1.000,0.000,5005.000
0.000,1.000,1.000,0.000,0.000,0.000,0.000,0.000,0.000,1.000,1.000,0.000,0.000,5005.000
0.000,1.000,1.000,0.000,0.000,0.000,0.000,0.000,0.000,1.000,1.000,1.000,0.000,5005.000
0.000,0.000,1.000,0.000,1.000,0.000,0.000,0.000,0.000,1.000,0.000,0.000,0.000,5005.000
0.000,0.000,1.000,0.000,1.000,0.000,0.000,0.000,0.000,1.000,1.000,0.000,0.000,5005.000
0.000,1.000,1.000,0.000,1.000,0.000,0.000,0.000,0.000,1.000,0.000,0.000,0.000,5005.000
0.000,1.000,1.000,0.000,1.000,0.000,0.000,0.000,0.000,1.000,1.000,0.000,0.000,5005.000
0.000,0.000,1.000,0.000,1.000,0.000,0.000,0.000,0.000,1.000,0.000,1.000,0.000,5005.000
0.000,1.000,1.000,0.000,1.000,0.000,0.000,0.000,0.000,1.000,0.000,1.000,0.000,5005.000
0.000,0.000,1.000,0.000,1.000,0.000,0.000,0.000,0.000,1.000,1.000,1.000,0.000,5005.000
0.000,1.000,1.000,0.000,1.000,0.000,0.000,0.000,0.000,1.000,1.000,1.000,0.000,5005.000
0.000,0.000,0.000,0.000,0.000,0.000,1.000,0.000,0.000,1.000,0.000,0.000,0.000,5308.000
0.000,0.000,0.000,0.000,0.000,0.000,1.000,0.000,0.000,1.000,1.000,0.000,0.000,5308.000
0.000,0.000,0.000,0.000,0.000,0.000,1.000,0.000,0.000,1.000,0.000,1.000,0.000,5308.000
0.000,0.000,0.000,0.000,0.000,0.000,1.000,0.000,0.000,1.000,1.000,1.000,0.000,5308.000
0.000,0.000,0.000,0.000,1.000,0.000,1.000,0.000,0.000,1.000,0.000,0.000,0.000,5005.000
0.000,0.000,0.000,0.000,1.000,0.000,1.000,0.000,0.000,1.000,0.000,1.000,0.000,5005.000
0.000,0.000,0.000,0.000,1.000,0.000,1.000,0.000,0.000,1.000,1.000,0.000,0.000,5005.000
0.000,0.000,0.000,0.000,1.000,0.000,1.000,0.000,0.000,1.000,1.000,1.000,0.000,5005.000
0.000,0.000,1.000,0.000,0.000,0.000,1.000,0.000,0.000,1.000,0.000,0.000,0.000,5308.000
0.000,0.000,1.000,0.000,0.000,0.000,1.000,0.000,0.000,1.000,1.000,0.000,0.000,5308.000
0.000,0.000,1.000,0.000,1.000,0.000,1.000,0.000,0.000,1.000,0.000,0.000,0.000,5005.000
0.000,0.000,1.000,0.000,1.000,0.000,1.000,0.000,0.000,1.000,1.000,0.000,0.000,5005.000
0.000,0.000,1.000,0.000,0.000,0.000,1.000,0.000,0.000,1.000,0.000,1.000,0.000,5308.000
0.000,0.000,1.000,0.000,1.000,0.000,1.000,0.000,0.000,1.000,0.000,1.000,0.000,5005.000
0.000,0.000,1.000,0.000,0.000,0.000,1.000,0.000,0.000,1.000,1.000,1.000,0.000,5308.000
0.000,0.000,1.000,0.000,1.000,0.000,1.000,0.000,0.000,1.000,1.000,1.000,0.000,5005.000
0.000,1.000,0.000,0.000,0.000,0.000,1.000,0.000,0.000,1.000,0.000,0.000,0.000,5005.000
0.000,1.000,0.000,0.000,0.000,0.000,1.000,0.000,0.000,1.000,1.000,0.000,0.000,5005.000
0.000,1.000,0.000,0.000,0.000,0.000,1.000,0.000,0.000,1.000,0.000,1.000,0.000,5005.000
0.000,1.000,0.000,0.000,0.000,0.000,1.000,0.000,0.000,1.000,1.000,1.000,0.000,5005.000
0.000,1.000,1.000,0.000,0.000,0.000,1.000,0.000,0.000,1.000,0.000,0.000,0.000,5005.000
0.000,1.000,1.000,0.000,0.000,0.000,1.000,0.000,0.000,1.000,0.000,1.000,0.000,5005.000
0.000,1.000,1.000,0.000,0.000,0.000,1.000,0.000,0.000,1.000,1.000,0.000,0.000,5005.000
0.000,1.000,1.000,0.000,0.000,0.000,1.000,0.000,0.000,1.000,1.000,1.000,0.000,5005.000
0.000,1.000,0.000,0.000,1.000,0.000,1.000,0.000,0.000,1.000,0.000,0.000,0.000,5005.000
0.000,1.000,0.000,0.000,1.000,0.000,1.000,0.000,0.000,1.000,1.000,0.000,0.000,5005.000
0.000,1.000,1.000,0.000,1.000,0.000,1.000,0.000,0.000,1.000,0.000,0.000,0.000,5005.000
0.000,1.000,1.000,0.000,1.000,0.000,1.000,0.000,0.000,1.000,1.000,0.000,0.000,5005.000
0.000,1.000,0.000,0.000,1.000,0.000,1.000,0.000,0.000,1.000,0.000,1.000,0.000,5005.000
0.000,1.000,1.000,0.000,1.000,0.000,1.000,0.000,0.000,1.000,0.000,1.000,0.000,5005.000
0.000,1.000,0.000,0.000,1.000,0.000,1.000,0.000,0.000,1.000,1.000,1.000,0.000,5005.000
0.000,1.000,1.000,0.000,1.000,0.000,1.000,0.000,0.000,1.000,1.000,1.000,0.000,5005.000
0.000,0.000,0.000,0.000,0.000,0.000,0.000,1.000,0.000,1.000,0.000,0.000,0.000,5254.000
0.000,0.000,0.000,0.000,0.000,0.000,0.000,1.000,0.000,1.000,1.000,0.000,0.000,5254.000
0.000,0.000,0.000,0.000,0.000,0.000,0.000,1.000,0.000,1.000,0.000,1.000,0.000,5254.000
0.000,0.000,0.000,0.000,0.000,0.000,0.000,1.000,0.000,1.000,1.000,1.000,0.000,5254.000
0.000,0.000,0.000,0.000,1.000,0.000,0.000,1.000,0.000,1.000,0.000,0.000,0.000,5254.000
0.000,0.000,0.000,0.000,1.000,0.000,0.000,1.000,0.000,1.000,0.000,1.000,0.000,5254.000
0.000,0.000,0.000,0.000,1.000,0.000,0.000,1.000,0.000,1.000,1.000,0.000,0.000,5254.000
0.000,0.000,0.000,0.000,1.000,0.000,0.000,1.000,0.000,1.000,1.000,1.000,0.000,5254.000
0.000,1.000,0.000,0.000,0.000,0.000,0.000,1.000,0.000,1.000,0.000,0.000,0.000,5005.000
0.000,1.000,0.000,0.000,0.000,0.000,0.000,1.000,0.000,1.000,1.000,0.000,0.000,5005.000
0.000,1.000,0.000,0.000,1.000,0.000,0.000,1.000,0.000,1.000,0.000,0.000,0.000,5005.000
0.000,1.000,0.000,0.000,1.000,0.000,0.000,1.000,0.000,1.000,1.000,0.000,0.000,5005.000
0.000,1.000,0.000,0.000,0.000,0.000,0.000,1.000,0.000,1.000,0.000,1.000,0.000,5005.000
0.000,1.000,0.000,0.000,1.000,0.000,0.000,1.000,0.000,1.000,0.000,1.000,0.000,5005.000
0.000,1.000,0.000,0.000,0.000,0.000,0.000,1.000,0.000,1.000,1.000,1.000,0.000,5005.000
0.000,1.000,0.000,0.000,1.000,0.000,0.000,1.000,0.000,1.000,1.000,1.000,0.000,5005.000
0.000,0.000,1.000,0.000,0.000,0.000,0.000,1.000,0.000,1.000,0.000,0.000,0.000,5254.000
0.000,0.000,1.000,0.000,0.000,0.000,0.000,1.000,0.000,1.000,1.000,0.000,0.000,5254.000
0.000,0.000,1.000,0.000,0.000,0.000,0.000,1.000,0.000,1.000,0.000,1.000,0.000,5254.000
0.000,0.000,1.000,0.000,0.000,0.000,0.000,1.000,0.000,1.000,1.000,1.000,0.000,5254.000
0.000,1.000,1.000,0.000,0.000,0.000,0.000,1.000,0.000,1.000,0.000,0.000,0.000,5005.000
0.000,1.000,1.000,0.000,0.000,0.000,0.000,1.000,0.000,1.000,0.000,1.000,0.000,5005.000
0.000,1.000,1.000,0.000,0.000,0.000,0.000,1.000,0.000,1.000,1.000,0.000,0.000,5005.000
0.000,1.000,1.000,0.000,0.000,0.000,0.000,1.000,0.000,1.000,1.000,1.000,0.000,5005.000
0.000,0.000,1.000,0.000,1.000,0.000,0.000,1.000,0.000,1.000,0.000,0.000,0.000,5254.000
0.000,0.000,1.000,0.000,1.000,0.000,0.000,1.000,0.000,1.000,1.000,0.000,0.000,5254.000
0.000,1.000,1.000,0.000,1.000,0.000,0.000,1.000,0.000,1.000,0.000,0.000,0.000,5005.000
0.000,1.000,1.000,0.000,1.000,0.000,0.000,1.000,0.000,1.000,1.000,0.000,0.000,5005.000
0.000,0.000,1.000,0.000,1.000,0.000,0.000,1.000,0.000,1.000,0.000,1.000,0.000,5254.000
0.000,1.000,1.000,0.000,1.000,0.000,0.000,1.000,0.000,1.000,0.000,1.000,0.000,5005.000
0.000,0.000,1.000,0.000,1.000,0.000,0.000,1.000,0.000,1.000,1.000,1.000,0.000,5254.000
0.000,1.000,1.000,0.000,1.000,0.000,0.000,1.000,0.000,1.000,1.000,1.000,0.000,5005.000
0.000,0.000,0.000,0.000,0.000,0.000,1.000,1.000,0.000,1.000,0.000,0.000,0.000,5557.000
0.000,0.000,0.000,0.000,0.000,0.000,1.000,1.000,0.000,1.000,1.000,0.000,0.000,5557.000
0.000,0.000,0.000,0.000,0.000,0.000,1.000,1.000,0.000,1.000,0.000,1.000,0.000,5557.000
0.000,0.000,0.000,0.000,0.000,0.000,1.000,1.000,0.000,1.000,1.000,1.000,0.000,5557.000
0.000,0.000,0.000,0.000,1.000,0.000,1.000,1.000,0.000,1.000,0.000,0.000,0.000,5254.000
0.000,0.000,0.000,0.000,1.000,0.000,1.000,1.000,0.000,1.000,0.000,1.000,0.000,5254.000
0.000,0.000,0.000,0.000,1.000,0.000,1.000,1.000,0.000,1.000,1.000,0.000,0.000,5254.000
0.000,0.000,0.000,0.000,1.000,0.000,1.000,1.000,0.000,1.000,1.000,1.000,0.000,5254.000
0.000,0.000,1.000,0.000,0.000,0.000,1.000,1.000,0.000,1.000,0.000,0.000,0.000,5557.000
0.000,0.000,1.000,0.000,0.000,0.000,1.000,1.000,0.000,1.000,1.000,0.000,0.000,5557.000
0.000,0.000,1.000,0.000,1.000,0.000,1.000,1.000,0.000,1.000,0.000,0.000,0.000,5254.000
0.000,0.000,1.000,0.000,1.000,0.000,1.000,1.000,0.000,1.000,1.000,0.000,0.000,5254.000
0.000,0.000,1.000,0.000,0.000,0.000,1.000,1.000,0.000,1.000,0.000,1.000,0.000,5557.000
0.000,0.000,1.000,0.000,1.000,0.000,1.000,1.000,0.000,1.000,0.000,1.000,0.000,5254.000
0.000,0.000,1.000,0.000,0.000,0.000,1.000,1.000,0.000,1.000,1.000,1.000,0.000,5557.000
0.000,0.000,1.000,0.000,1.000,0.000,1.000,1.000,0.000,1.000,1.000,1.000,0.000,5254.000
0.000,1.000,0.000,0.000,0.000,0.000,1.000,1.000,0.000,1.000,0.000,0.000,0.000,5005.000
0.000,1.000,0.000,0.000,0.000,0.000,1.000,1.000,0.000,1.000,1.000,0.000,0.000,5005.000
0.000,1.000,0.000,0.000,0.000,0.000,1.000,1.000,0.000,1.000,0.000,1.000,0.000,5005.000
0.000,1.000,0.000,0.000,0.000,0.000,1.000,1.000,0.000,1.000,1.000,1.000,0.000,5005.000
0.000,1.000,1.000,0.000,0.000,0.000,1.000,1.000,0.000,1.000,0.000,0.000,0.000,5005.000
0.000,1.000,1.000,0.000,0.000,0.000,1.000,1.000,0.000,1.000,0.000,1.000,0.000,5005.000
0.000,1.000,1.000,0.000,0.000,0.000,1.000,1.000,0.000,1.000,1.000,0.000,0.000,5005.000
0.000,1.000,1.000,0.000,0.000,0.000,1.000,1.000,0.000,1.000,1.000,1.000,0.000,5005.000
0.000,1.000,0.000,0.000,1.000,0.000,1.000,1.000,0.000,1.000,0.000,0.000,0.000,5005.000
0.000,1.000,0.000,0.000,1.000,0.000,1.000,1.000,0.000,1.000,1.000,0.000,0.000,5005.000
0.000,1.000,1.000,0.000,1.000,0.000,1.000,1.000,0.000,1.000,0.000,0.000,0.000,5005.000
0.000,1.000,1.000,0.000,1.000,0.000,1.000,1.000,0.000,1.000,1.000,0.000,0.000,5005.000
0.000,1.000,0.000,0.000,1.000,0.000,1.000,1.000,0.000,1.000,0.000,1.000,0.000,5005.000
0.000,1.000,1.000,0.000,1.000,0.000,1.000,1.000,0.000,1.000,0.000,1.000,0.000,5005.000
0.000,1.000,0.000,0.000,1.000,0.000,1.000,1.000,0.000,1.000,1.000,1.000,0.000,5005.000
0.000,1.000,1.000,0.000,1.000,0.000,1.000,1.000,0.000,1.000,1.000,1.000,0.000,5005.000
0.000,0.000,0.000,1.000,0.000,0.000,0.000,0.000,0.000,1.000,0.000,0.000,0.000,5266.000
0.000,0.000,0.000,1.000,0.000,0.000,0.000,0.000,0.000,1.000,1.000,0.000,0.000,5266.000
0.000,0.000,0.000,1.000,0.000,0.000,0.000,0.000,0.000,1.000,0.000,1.000,0.000,5266.000
0.000,0.000,0.000,1.000,0.000,0.000,0.000,0.000,0.000,1.000,1.000,1.000,0.000,5266.000
0.000,0.000,0.000,1.000,1.000,0.000,0.000,0.000,0.000,1.000,0.000,0.000,0.000,5266.000
0.000,0.000,0.000,1.000,1.000,0.000,0.000,0.000,0.000,1.000,0.000,1.000,0.000,5266.000
0.000,0.000,0.000,1.000,1.000,0.000,0.000,0.000,0.000,1.000,1.000,0.000,0.000,5266.000
0.000,0.000,0.000,1.000,1.000,0.000,0.000,0.000,0.000,1.000,1.000,1.000,0.000,5266.000
0.000,1.000,0.000,1.000,0.000,0.000,0.000,0.000,0.000,1.000,0.000,0.000,0.000,5005.000
0.000,1.000,0.000,1.000,0.000,0.000,0.000,0.000,0.000,1.000,1.000,0.000,0.000,5005.000
0.000,1.000,0.000,1.000,1.000,0.000,0.000,0.000,0.000,1.000,0.000,0.000,0.000,5005.000
0.000,1.000,0.000,1.000,1.000,0.000,0.000,0.000,0.000,1.000,1.000,0.000,0.000,5005.000
0.000,1.000,0.000,1.000,0.000,0.000,0.000,0.000,0.000,1.000,0.000,1.000,0.000,5005.000
0.000,1.000,0.000,1.000,1.000,0.000,0.000,0.000,0.000,1.000,0.000,1.000,0.000,5005.000
0.000,1.000,0.000,1.000,0.000,0.000,0.000,0.000,0.000,1.000,1.000,1.000,0.000,5005.000
0.000,1.000,0.000,1.000,1.000,0.000,0.000,0.000,0.000,1.000,1.000,1.000,0.000,5005.000
0.000,0.000,1.000,1.000,0.000,0.000,0.000,0.000,0.000,1.000,0.000,0.000,0.000,5266.000
0.000,0.000,1.000,1.000,0.000,0.000,0.000,0.000,0.000,1.000,1.000,0.000,0.000,5266.000
0.000,0.000,1.000,1.000,0.000,0.000,0.000,0.000,0.000,1.000,0.000,1.000,0.000,5266.000
0.000,0.000,1.000,1.000,0.000,0.000,0.000,0.000,0.000,1.000,1.000,1.000,0.000,5266.000
0.000,1.000,1.000,1.000,0.000,0.000,0.000,0.000,0.000,1.000,0.000,0.000,0.000,5005.000
0.000,1.000,1.000,1.000,0.000,0.000,0.000,0.000,0.000,1.000,0.000,1.000,0.000,5005.000
0.000,1.000,1.000,1.000,0.000,0.000,0.000,0.000,0.000,1.000,1.000,0.000,0.000,5005.000
0.000,1.000,1.000,1.000,0.000,0.000,0.000,0.000,0.000,1.000,1.000,1.000,0.000,5005.000
0.000,0.000,1.000,1.000,1.000,0.000,0.000,0.000,0.000,1.000,0.000,0.000,0.000,5266.000
0.000,0.000,1.000,1.000,1.000,0.000,0.000,0.000,0.000,1.000,1.000,0.000,0.000,5266.000
0.000,1.000,1.000,1.000,1.000,0.000,0.000,0.000,0.000,1.000,0.000,0.000,0.000,5005.000
0.000,1.000,1.000,1.000,1.000,0.000,0.000,0.000,0.000,1.000,1.000,0.000,0.000,5005.000
0.000,0.000,1.000,1.000,1.000,0.000,0.000,0.000,0.000,1.000,0.000,1.000,0.000,5266.000
0.000,1.000,1.000,1.000,1.000,0.000,0.000,0.000,0.000,1.000,0.000,1.000,0.000,5005.000
0.000,0.000,1.000,1.000,1.000,0.000,0.000,0.000,0.000,1.000,1.000,1.000,0.000,5266.000
0.000,1.000,1.000,1.000,1.000,0.000,0.000,0.000,0.000,1.000,1.000,1.000,0.000,5005.000
0.000,0.000,0.000,1.000,0.000,0.000,0.000,1.000,0.000,1.000,0.000,0.000,0.000,5515.000
0.000,0.000,0.000,1.000,0.000,0.000,0.000,1.000,0.000,1.000,1.000,0.000,0.000,5515.000
0.000,0.000,0.000,1.000,0.000,0.000,0.000,1.000,0.000,1.000,0.000,1.000,0.000,5515.000
0.000,0.000,0.000,1.000,0.000,0.000,0.000,1.000,0.000,1.000,1.000,1.000,0.000,5515.000
0.000,0.000,0.000,1.000,1.000,0.000,0.000,1.000,0.000,1.000,0.000,0.000,0.000,5515.000
0.000,0.000,0.000,1.000,1.000,0.000,0.000,1.000,0.000,1.000,0.000,1.000,0.000,5515.000
0.000,0.000,0.000,1.000,1.000,0.000,0.000,1.000,0.000,1.000,1.000,0.000,0.000,5515.000
0.000,0.000,0.000,1.000,1.000,0.000,0.000,1.000,0.000,1.000,1.000,1.000,0.000,5515.000
0.000,0.000,1.000,1.000,0.000,0.000,0.000,1.000,0.000,1.000,0.000,0.000,0.000,5515.000
0.000,0.000,1.000,1.000,0.000,0.000,0.000,1.000,0.000,1.000,1.000,0.000,0.000,5515.000
0.000,0.000,1.000,1.000,1.000,0.000,0.000,1.000,0.000,1.000,0.000,0.000,0.000,5515.000
0.000,0.000,1.000,1.000,1.000,0.000,0.000,1.000,0.000,1.000,1.000,0.000,0.000,5515.000
0.000,0.000,1.000,1.000,0.000,0.000,0.000,1.000,0.000,1.000,0.000,1.000,0.000,5515.000
0.000,0.000,1.000,1.000,1.000,0.000,0.000,1.000,0.000,1.000,0.000,1.000,0.000,5515.000
0.000,0.000,1.000,1.000,0.000,0.000,0.000,1.000,0.000,1.000,1.000,1.000,0.000,5515.000
0.000,0.000,1.000,1.000,1.000,0.000,0.000,1.000,0.000,1.000,1.000,1.000,0.000,5515.000
0.000,1.000,0.000,1.000,0.000,0.000,0.000,1.000,0.000,1.000,0.000,0.000,0.000,5005.000
0.000,1.000,0.000,1.000,0.000,0.000,0.000,1.000,0.000,1.000,1.000,0.000,0.000,5005.000
0.000,1.000,0.000,1.000,0.000,0.000,0.000,1.000,0.000,1.000,0.000,1.000,0.000,5005.000
0.000,1.000,0.000,1.000,0.000,0.000,0.000,1.000,0.000,1.000,1.000,1.000,0.000,5005.000
0.000,1.000,1.000,1.000,0.000,0.000,0.000,1.000,0.000,1.000,0.000,0.000,0.000,5005.000
0.000,1.000,1.000,1.000,0.000,0.000,0.000,1.000,0.000,1.000,0.000,1.000,0.000,5005.000
0.000,1.000,1.000,1.000,0.000,0.000,0.000,1.000,0.000,1.000,1.000,0.000,0.000,5005.000
0.000,1.000,1.000,1.000,0.000,0.000,0.000,1.000,0.000,1.000,1.000,1.000,0.000,5005.000
0.000,1.000,0.000,1.000,1.000,0.000,0.000,1.000,0.000,1.000,0.000,0.000,0.000,5005.000
0.000,1.000,0.000,1.000,1.000,0.000,0.000,1.000,0.000,1.000,1.000,0.000,0.000,5005.000
0.000,1.000,1.000,1.000,1.000,0.000,0.000,1.000,0.000,1.000,0.000,0.000,0.000,5005.000
0.000,1.000,1.000,1.000,1.000,0.000,0.000,1.000,0.000,1.000,1.000,0.000,0.000,5005.000
0.000,1.000,0.000,1.000,1.000,0.000,0.000,1.000,0.000,1.000,0.000,1.000,0.000,5005.000
0.000,1.000,1.000,1.000,1.000,0.000,0.000,1.000,0.000,1.000,0.000,1.000,0.000,5005.000
0.000,1.000,0.000,1.000,1.000,0.000,0.000,1.000,0.000,1.000,1.000,1.000,0.000,5005.000
0.000,1.000,1.000,1.000,1.000,0.000,0.000,1.000,0.000,1.000,1.000,1.000,0.000,5005.000
0.000,0.000,0.000,1.000,0.000,0.000,1.000,0.000,0.000,1.000,0.000,0.000,0.000,5569.000
0.000,0.000,0.000,1.000,0.000,0.000,1.000,0.000,0.000,1.000,1.000,0.000,0.000,5569.000
0.000,0.000,0.000,1.000,0.000,0.000,1.000,0.000,0.000,1.000,0.000,1.000,0.000,5569.000
0.000,0.000,0.000,1.000,0.000,0.000,1.000,0.000,0.000,1.000,1.000,1.000,0.000,5569.000
0.000,0.000,0.000,1.000,1.000,0.000,1.000,0.000,0.000,1.000,0.000,0.000,0.000,5266.000
0.000,0.000,0.000,1.000,1.000,0.000,1.000,0.000,0.000,1.000,0.000,1.000,0.000,5266.000
0.000,0.000,0.000,1.000,1.000,0.000,1.000,0.000,0.000,1.000,1.000,0.000,0.000,5266.000
0.000,0.000,0.000,1.000,1.000,0.000,1.000,0.000,0.000,1.000,1.000,1.000,0.000,5266.000
0.000,1.000,0.000,1.000,0.000,0.000,1.000,0.000,0.000,1.000,0.000,0.000,0.000,5005.000
0.000,1.000,0.000,1.000,0.000,0.000,1.000,0.000,0.000,1.000,1.000,0.000,0.000,5005.000
0.000,1.000,0.000,1.000,1.000,0.000,1.000,0.000,0.000,1.000,0.000,0.000,0.000,5005.000
0.000,1.000,0.000,1.000,1.000,0.000,1.000,0.000,0.000,1.000,1.000,0.000,0.000,5005.000
0.000,1.000,0.000,1.000,0.000,0.000,1.000,0.000,0.000,1.000,0.000,1.000,0.000,5005.000
0.000,1.000,0.000,1.000,1.000,0.000,1.000,0.000,0.000,1.000,0.000,1.000,0.000,5005.000
0.000,1.000,0.000,1.000,0.000,0.000,1.000,0.000,0.000,1.000,1.000,1.000,0.000,5005.000
0.000,1.000,0.000,1.000,1.000,0.000,1.000,0.000,0.000,1.000,1.000,1.000,0.000,5005.000
0.000,0.000,1.000,1.000,0.000,0.000,1.000,0.000,0.000,1.000,0.000,0.000,0.000,5569.000
0.000,0.000,1.000,1.000,0.000,0.000,1.000,0.000,0.000,1.000,1.000,0.000,0.000,5569.000
0.000,0.000,1.000,1.000,0.000,0.000,1.000,0.000,0.000,1.000,0.000,1.000,0.000,5569.000
0.000,0.000,1.000,1.000,0.000,0.000,1.000,0.000,0.000,1.000,1.000,1.000,0.000,5569.000
0.000,1.000,1.000,1.000,0.000,0.000,1.000,0.000,0.000,1.000,0.000,0.000,0.000,5005.000
0.000,1.000,1.000,1.000,0.000,0.000,1.000,0.000,0.000,1.000,0.000,1.000,0.000,5005.000
0.000,1.000,1.000,1.000,0.000,0.000,1.000,0.000,0.000,1.000,1.000,0.000,0.000,5005.000
0.000,1.000,1.000,1.000,0.000,0.000,1.000,0.000,0.000,1.000,1.000,1.000,0.000,5005.000
0.000,0.000,1.000,1.000,1.000,0.000,1.000,0.000,0.000,1.000,0.000,0.000,0.000,5266.000
0.000,0.000,1.000,1.000,1.000,0.000,1.000,0.000,0.000,1.000,1.000,0.000,0.000,5266.000
0.000,1.000,1.000,1.000,1.000,0.000,1.000,0.000,0.000,1.000,0.000,0.000,0.000,5005.000
0.000,1.000,1.000,1.000,1.000,0.000,1.000,0.000,0.000,1.000,1.000,0.000,0.000,5005.000
0.000,0.000,1.000,1.000,1.000,0.000,1.000,0.000,0.000,1.000,0.000,1.000,0.000,5266.000
0.000,1.000,1.000,1.000,1.000,0.000,1.000,0.000,0.000,1.000,0.000,1.000,0.000,5005.000
0.000,0.000,1.000,1.000,1.000,0.000,1.000,0.000,0.000,1.000,1.000,1.000,0.000,5266.000
0.000,1.000,1.000,1.000,1.000,0.000,1.000,0.000,0.000,1.000,1.000,1.000,0.000,5005.000
0.000,0.000,0.000,1.000,0.000,0.000,1.000,1.000,0.000,1.000,0.000,0.000,0.000,6924.000
0.000,0.000,0.000,1.000,0.000,0.000,1.000,1.000,0.000,1.000,1.000,0.000,0.000,6924.000
0.000,0.000,0.000,1.000,0.000,0.000,1.000,1.000,0.000,1.000,0.000,1.000,0.000,6924.000
0.000,0.000,0.000,1.000,0.000,0.000,1.000,1.000,0.000,1.000,1.000,1.000,0.000,6924.000
0.000,0.000,0.000,1.000,1.000,0.000,1.000,1.000,0.000,1.000,0.000,0.000,0.000,5515.000
0.000,0.000,0.000,1.000,1.000,0.000,1.000,1.000,0.000,1.000,0.000,1.000,0.000,5515.000
0.000,0.000,0.000,1.000,1.000,0.000,1.000,1.000,0.000,1.000,1.000,0.000,0.000,5515.000
0.000,0.000,0.000,1.000,1.000,0.000,1.000,1.000,0.000,1.000,1.000,1.000,0.000,5515.000
0.000,0.000,1.000,1.000,0.000,0.000,1.000,1.000,0.000,1.000,0.000,0.000,0.000,6924.000
0.000,0.000,1.000,1.000,0.000,0.000,1.000,1.000,0.000,1.000,1.000,0.000,0.000,6924.000
0.000,0.000,1.000,1.000,1.000,0.000,1.000,1.000,0.000,1.000,0.000,0.000,0.000,5515.000
0.000,0.000,1.000,1.000,1.000,0.000,1.000,1.000,0.000,1.000,1.000,0.000,0.000,5515.000
0.000,0.000,1.000,1.000,0.000,0.000,1.000,1.000,0.000,1.000,0.000,1.000,0.000,6924.000
0.000,0.000,1.000,1.000,1.000,0.000,1.000,1.000,0.000,1.000,0.000,1.000,0.000,5515.000
0.000,0.000,1.000,1.000,0.000,0.000,1.000,1.000,0.000,1.000,1.000,1.000,0.000,6924.000
0.000,0.000,1.000,1.000,1.000,0.000,1.000,1.000,0.000,1.000,1.000,1.000,0.000,5515.000
0.000,1.000,0.000,1.000,0.000,0.000,1.000,1.000,0.000,1.000,0.000,0.000,0.000,5005.000
0.000,1.000,0.000,1.000,0.000,0.000,1.000,1.000,0.000,1.000,1.000,0.000,0.000,5005.000
0.000,1.000,0.000,1.000,0.000,0.000,1.000,1.000,0.000,1.000,0.000,1.000,0.000,5005.000
0.000,1.000,0.000,1.000,0.000,0.000,1.000,1.000,0.000,1.000,1.000,1.000,0.000,5005.000
0.000,1.000,1.000,1.000,0.000,0.000,1.000,1.000,0.000,1.000,0.000,0.000,0.000,5005.000
0.000,1.000,1.000,1.000,0.000,0.000,1.000,1.000,0.000,1.000,0.000,1.000,0.000,5005.000
0.000,1.000,1.000,1.000,0.000,0.000,1.000,1.000,0.000,1.000,1.000,0.000,0.000,5005.000
0.000,1.000,1.000,1.000,0.000,0.000,1.000,1.000,0.000,1.000,1.000,1.000,0.000,5005.000
0.000,1.000,0.000,1.000,1.000,0.000,1.000,1.000,0.000,1.000,0.000,0.000,0.000,5005.000
0.000,1.000,0.000,1.000,1.000,0.000,1.000,1.000,0.000,1.000,1.000,0.000,0.000,5005.000
0.000,1.000,1.000,1.000,1.000,0.000,1.000,1.000,0.000,1.000,0.000,0.000,0.000,5005.000
0.000,1.000,1.000,1.000,1.000,0.000,1.000,1.000,0.000,1.000,1.000,0.000,0.000,5005.000
0.000,1.000,0.000,1.000,1.000,0.000,1.000,1.000,0.000,1.000,0.000,1.000,0.000,5005.000
0.000,1.000,1.000,1.000,1.000,0.000,1.000,1.000,0.000,1.000,0.000,1.000,0.000,5005.000
0.000,1.000,0.000,1.000,1.000,0.000,1.000,1.000,0.000,1.000,1.000,1.000,0.000,5005.000
0.000,1.000,1.000,1.000,1.000,0.000,1.000,1.000,0.000,1.000,1.000,1.000,0.000,5005.000
0.000,0.000,0.000,1.000,0.000,0.000,1.000,1.000,1.000,0.000,0.000,1.000,0.000,4984.000
0.000,0.000,0.000,1.000,1.000,0.000,1.000,1.000,1.000,0.000,0.000,1.000,0.000,4984.000
0.000,1.000,0.000,1.000,0.000,0.000,1.000,1.000,1.000,0.000,0.000,1.000,0.000,5317.000
0.000,1.000,0.000,1.000,1.000,0.000,1.000,1.000,1.000,0.000,0.000,1.000,0.000,5317.000
0.000,0.000,0.000,1.000,0.000,0.000,1.000,1.000,1.000,0.000,0.000,1.000,1.000,4984.000
0.000,1.000,0.000,1.000,0.000,0.000,1.000,1.000,1.000,0.000,0.000,1.000,1.000,5622.000
0.000,0.000,0.000,1.000,1.000,0.000,1.000,1.000,1.000,0.000,0.000,1.000,1.000,4984.000
0.000,1.000,0.000,1.000,1.000,0.000,1.000,1.000,1.000,0.000,0.000,1.000,1.000,7231.000
0.000,0.000,0.000,1.000,0.000,0.000,1.000,1.000,1.000,1.000,0.000,0.000,0.000,5026.000
0.000,0.000,0.000,1.000,0.000,0.000,1.000,1.000,1.000,1.000,1.000,0.000,0.000,5026.000
0.000,0.000,0.000,1.000,0.000,0.000,1.000,1.000,1.000,1.000,0.000,1.000,0.000,5026.000
0.000,0.000,0.000,1.000,0.000,0.000,1.000,1.000,1.000,1.000,1.000,1.000,0.000,5026.000
0.000,1.000,0.000,1.000,0.000,0.000,1.000,1.000,1.000,1.000,0.000,0.000,0.000,5359.000
0.000,1.000,0.000,1.000,0.000,0.000,1.000,1.000,1.000,1.000,0.000,1.000,0.000,5359.000
0.000,1.000,0.000,1.000,0.000,0.000,1.000,1.000,1.000,1.000,1.000,0.000,0.000,5359.000
0.000,1.000,0.000,1.000,0.000,0.000,1.000,1.000,1.000,1.000,1.000,1.000,0.000,5359.000
0.000,0.000,0.000,1.000,1.000,0.000,1.000,1.000,1.000,1.000,0.000,0.000,0.000,5026.000
0.000,0.000,0.000,1.000,1.000,0.000,1.000,1.000,1.000,1.000,1.000,0.000,0.000,5026.000
0.000,1.000,0.000,1.000,1.000,0.000,1.000,1.000,1.000,1.000,0.000,0.000,0.000,5359.000
0.000,1.000,0.000,1.000,1.000,0.000,1.000,1.000,1.000,1.000,1.000,0.000,0.000,5359.000
0.000,0.000,0.000,1.000,1.000,0.000,1.000,1.000,1.000,1.000,0.000,1.000,0.000,5026.000
0.000,1.000,0.000,1.000,1.000,0.000,1.000,1.000,1.000,1.000,0.000,1.000,0.000,5359.000
0.000,0.000,0.000,1.000,1.000,0.000,1.000,1.000,1.000,1.000,1.000,1.000,0.000,5026.000
0.000,1.000,0.000,1.000,1.000,0.000,1.000,1.000,1.000,1.000,1.000,1.000,0.000,5359.000
0.000,0.000,0.000,1.000,0.000,0.000,1.000,1.000,1.000,1.000,0.000,0.000,1.000,5026.000
0.000,0.000,0.000,1.000,0.000,0.000,1.000,1.000,1.000,1.000,1.000,0.000,1.000,5026.000
0.000,0.000,0.000,1.000,0.000,0.000,1.000,1.000,1.000,1.000,0.000,1.000,1.000,5026.000
0.000,0.000,0.000,1.000,0.000,0.000,1.000,1.000,1.000,1.000,1.000,1.000,1.000,5026.000
0.000,0.000,0.000,1.000,1.000,0.000,1.000,1.000,1.000,1.000,0.000,0.000,1.000,5026.000
0.000,0.000,0.000,1.000,1.000,0.000,1.000,1.000,1.000,1.000,0.000,1.000,1.000,5026.000
0.000,0.000,0.000,1.000,1.000,0.000,1.000,1.000,1.000,1.000,1.000,0.000,1.000,5026.000
0.000,0.000,0.000,1.000,1.000,0.000,1.000,1.000,1.000,1.000,1.000,1.000,1.000,5026.000
0.000,1.000,0.000,1.000,0.000,0.000,1.000,1.000,1.000,1.000,0.000,0.000,1.000,5664.000
0.000,1.000,0.000,1.000,0.000,0.000,1.000,1.000,1.000,1.000,1.000,0.000,1.000,5664.000
0.000,1.000,0.000,1.000,1.000,0.000,1.000,1.000,1.000,1.000,0.000,0.000,1.000,7697.000
0.000,1.000,0.000,1.000,1.000,0.000,1.000,1.000,1.000,1.000,1.000,0.000,1.000,7697.000
0.000,1.000,0.000,1.000,0.000,0.000,1.000,1.000,1.000,1.000,0.000,1.000,1.000,5664.000
0.000,1.000,0.000,1.000,1.000,0.000,1.000,1.000,1.000,1.000,0.000,1.000,1.000,7697.000
0.000,1.000,0.000,1.000,0.000,0.000,1.000,1.000,1.000,1.000,1.000,1.000,1.000,5664.000
0.000,1.000,0.000,1.000,1.000,0.000,1.000,1.000,1.000,1.000,1.000,1.000,1.000,7697.000
0.000,0.000,1.000,1.000,0.000,0.000,1.000,1.000,1.000,1.000,0.000,0.000,0.000,5026.000
0.000,0.000,1.000,1.000,0.000,0.000,1.000,1.000,1.000,1.000,1.000,0.000,0.000,5026.000
0.000,0.000,1.000,1.000,0.000,0.000,1.000,1.000,1.000,1.000,0.000,1.000,0.000,5026.000
0.000,0.000,1.000,1.000,0.000,0.000,1.000,1.000,1.000,1.000,1.000,1.000,0.000,5026.000
0.000,1.000,1.000,1.000,0.000,0.000,1.000,1.000,1.000,1.000,0.000,0.000,0.000,5359.000
0.000,1.000,1.000,1.000,0.000,0.000,1.000,1.000,1.000,1.000,0.000,1.000,0.000,5359.000
0.000,1.000,1.000,1.000,0.000,0.000,1.000,1.000,1.000,1.000,1.000,0.000,0.000,5359.000
0.000,1.000,1.000,1.000,0.000,0.000,1.000,1.000,1.000,1.000,1.000,1.000,0.000,5359.000
0.000,0.000,1.000,1.000,0.000,0.000,1.000,1.000,1.000,1.000,0.000,0.000,1.000,5026.000
0.000,0.000,1.000,1.000,0.000,0.000,1.000,1.000,1.000,1.000,1.000,0.000,1.000,5026.000
0.000,1.000,1.000,1.000,0.000,0.000,1.000,1.000,1.000,1.000,0.000,0.000,1.000,5664.000
0.000,1.000,1.000,1.000,0.000,0.000,1.000,1.000,1.000,1.000,1.000,0.000,1.000,5664.000
0.000,0.000,1.000,1.000,0.000,0.000,1.000,1.000,1.000,1.000,0.000,1.000,1.000,5026.000
0.000,1.000,1.000,1.000,0.000,0.000,1.000,1.000,1.000,1.000,0.000,1.000,1.000,5664.000
0.000,0.000,1.000,1.000,0.000,0.000,1.000,1.000,1.000,1.000,1.000,1.000,1.000,5026.000
0.000,1.000,1.000,1.000,0.000,0.000,1.000,1.000,1.000,1.000,1.000,1.000,1.000,5664.000
0.000,0.000,1.000,1.000,1.000,0.000,1.000,1.000,1.000,1.000,0.000,0.000,0.000,5026.000
0.000,0.000,1.000,1.000,1.000,0.000,1.000,1.000,1.000,1.000,1.000,0.000,0.000,5026.000
0.000,0.000,1.000,1.000,1.000,0.000,1.000,1.000,1.000,1.000,0.000,1.000,0.000,5026.000
0.000,0.000,1.000,1.000,1.000,0.000,1.000,1.000,1.000,1.000,1.000,1.000,0.000,5026.000
0.000,0.000,1.000,1.000,1.000,0.000,1.000,1.000,1.000,1.000,0.000,0.000,1.000,5026.000
0.000,0.000,1.000,1.000,1.000,0.000,1.000,1.000,1.000,1.000,0.000,1.000,1.000,5026.000
0.000,0.000,1.000,1.000,1.000,0.000,1.000,1.000,1.000,1.000,1.000,0.000,1.000,5026.000
0.000,0.000,1.000,1.000,1.000,0.000,1.000,1.000,1.000,1.000,1.000,1.000,1.000,5026.000
0.000,1.000,1.000,1.000,1.000,0.000,1.000,1.000,1.000,1.000,0.000,0.000,0.000,5359.000
0.000,1.000,1.000,1.000,1.000,0.000,1.000,1.000,1.000,1.000,1.000,0.000,0.000,5359.000
0.000,1.000,1.000,1.000,1.000,0.000,1.000,1.000,1.000,1.000,0.000,0.000,1.000,7697.000
0.000,1.000,1.000,1.000,1.000,0.000,1.000,1.000,1.000,1.000,1.000,0.000,1.000,7697.000
0.000,1.000,1.000,1.000,1.000,0.000,1.000,1.000,1.000,1.000,0.000,1.000,0.000,5359.000
0.000,1.000,1.000,1.000,1.000,0.000,1.000,1.000,1.000,1.000,0.000,1.000,1.000,7697.000
0.000,1.000,1.000,1.000,1.000,0.000,1.000,1.000,1.000,1.000,1.000,1.000,0.000,5359.000
0.000,1.000,1.000,1.000,1.000,0.000,1.000,1.000,1.000,1.000,1.000,1.000,1.000,7697.000
