$Base,$ForwardIterator,$AbstractIterator,$BackwardIterator,$MemorySize,$QuickSort,$InsertionSort,$BubbleSort,$ElementA,$ElementB,$ElementC,$AbstractElement,$MergeSort,$Measurement,$print,$Performance,$AbstractSort,$TCP_IP,$<BinarySize
0.000,1.000,0.000,0.000,0.000,0.000,0.000,0.000,0.000,0.000,1.000,0.000,0.000,0.000,0.000,0.000,0.000,0.000,4426.000
0.000,1.000,0.000,0.000,0.000,0.000,0.000,0.000,0.000,0.000,1.000,0.000,0.000,0.000,1.000,0.000,0.000,0.000,4869.000
0.000,0.000,0.000,1.000,0.000,0.000,0.000,0.000,0.000,0.000,1.000,0.000,0.000,0.000,0.000,0.000,0.000,0.000,4432.000
0.000,0.000,0.000,1.000,0.000,0.000,0.000,0.000,0.000,0.000,1.000,0.000,0.000,0.000,1.000,0.000,0.000,0.000,4875.000
0.000,0.000,0.000,1.000,0.000,0.000,0.000,0.000,0.000,1.000,0.000,0.000,0.000,0.000,0.000,0.000,0.000,0.000,4432.000
0.000,0.000,0.000,1.000,0.000,0.000,0.000,0.000,0.000,1.000,0.000,0.000,0.000,0.000,1.000,0.000,0.000,0.000,4875.000
0.000,1.000,0.000,0.000,0.000,0.000,0.000,0.000,0.000,1.000,0.000,0.000,0.000,0.000,0.000,0.000,0.000,0.000,4426.000
0.000,1.000,0.000,0.000,0.000,0.000,0.000,0.000,0.000,1.000,0.000,0.000,0.000,0.000,1.000,0.000,0.000,0.000,4869.000
0.000,1.000,0.000,0.000,0.000,0.000,0.000,0.000,1.000,0.000,0.000,0.000,0.000,0.000,0.000,0.000,0.000,0.000,4550.000
0.000,1.000,0.000,0.000,0.000,0.000,0.000,0.000,1.000,0.000,0.000,0.000,0.000,0.000,1.000,0.000,0.000,0.000,4993.000
0.000,0.000,0.000,1.000,0.000,0.000,0.000,0.000,1.000,0.000,0.000,0.000,0.000,0.000,0.000,0.000,0.000,0.000,4556.000
0.000,0.000,0.000,1.000,0.000,0.000,0.000,0.000,1.000,0.000,0.000,0.000,0.000,0.000,1.000,0.000,0.000,0.000,4999.000
0.000,1.000,0.000,0.000,0.000,0.000,0.000,1.000,0.000,1.000,0.000,0.000,0.000,0.000,0.000,0.000,1.000,0.000,5165.000
0.000,1.000,0.000,0.000,0.000,0.000,0.000,1.000,0.000,1.000,0.000,0.000,0.000,0.000,1.000,0.000,1.000,0.000,5577.000
0.000,0.000,0.000,1.000,0.000,0.000,0.000,1.000,0.000,1.000,0.000,0.000,0.000,0.000,0.000,0.000,1.000,0.000,5171.000
0.000,0.000,0.000,1.000,0.000,0.000,0.000,1.000,0.000,1.000,0.000,0.000,0.000,0.000,1.000,0.000,1.000,0.000,5583.000
0.000,0.000,0.000,1.000,0.000,0.000,0.000,1.000,0.000,0.000,1.000,0.000,0.000,0.000,0.000,0.000,1.000,0.000,5171.000
0.000,0.000,0.000,1.000,0.000,0.000,0.000,1.000,0.000,0.000,1.000,0.000,0.000,0.000,1.000,0.000,1.000,0.000,5583.000
0.000,1.000,0.000,0.000,0.000,0.000,0.000,1.000,0.000,0.000,1.000,0.000,0.000,0.000,0.000,0.000,1.000,0.000,5165.000
0.000,1.000,0.000,0.000,0.000,0.000,0.000,1.000,0.000,0.000,1.000,0.000,0.000,0.000,1.000,0.000,1.000,0.000,5577.000
0.000,1.000,0.000,0.000,0.000,0.000,0.000,1.000,1.000,0.000,0.000,0.000,0.000,0.000,0.000,0.000,1.000,0.000,5289.000
0.000,1.000,0.000,0.000,0.000,0.000,0.000,1.000,1.000,0.000,0.000,0.000,0.000,0.000,1.000,0.000,1.000,0.000,5701.000
0.000,0.000,0.000,1.000,0.000,0.000,0.000,1.000,1.000,0.000,0.000,0.000,0.000,0.000,0.000,0.000,1.000,0.000,5295.000
0.000,0.000,0.000,1.000,0.000,0.000,0.000,1.000,1.000,0.000,0.000,0.000,0.000,0.000,1.000,0.000,1.000,0.000,5707.000
0.000,1.000,0.000,0.000,0.000,0.000,1.000,0.000,0.000,0.000,1.000,0.000,0.000,0.000,0.000,0.000,1.000,0.000,4991.000
0.000,1.000,0.000,0.000,0.000,0.000,1.000,0.000,0.000,0.000,1.000,0.000,0.000,0.000,1.000,0.000,1.000,0.000,5403.000
0.000,0.000,0.000,1.000,0.000,0.000,1.000,0.000,0.000,0.000,1.000,0.000,0.000,0.000,0.000,0.000,1.000,0.000,4997.000
0.000,0.000,0.000,1.000,0.000,0.000,1.000,0.000,0.000,0.000,1.000,0.000,0.000,0.000,1.000,0.000,1.000,0.000,5409.000
0.000,0.000,0.000,1.000,0.000,0.000,1.000,0.000,1.000,0.000,0.000,0.000,0.000,0.000,0.000,0.000,1.000,0.000,5121.000
0.000,0.000,0.000,1.000,0.000,0.000,1.000,0.000,1.000,0.000,0.000,0.000,0.000,0.000,1.000,0.000,1.000,0.000,5533.000
0.000,1.000,0.000,0.000,0.000,0.000,1.000,0.000,1.000,0.000,0.000,0.000,0.000,0.000,0.000,0.000,1.000,0.000,5115.000
0.000,1.000,0.000,0.000,0.000,0.000,1.000,0.000,1.000,0.000,0.000,0.000,0.000,0.000,1.000,0.000,1.000,0.000,5527.000
0.000,1.000,0.000,0.000,0.000,0.000,1.000,0.000,0.000,1.000,0.000,0.000,0.000,0.000,0.000,0.000,1.000,0.000,4991.000
0.000,1.000,0.000,0.000,0.000,0.000,1.000,0.000,0.000,1.000,0.000,0.000,0.000,0.000,1.000,0.000,1.000,0.000,5403.000
0.000,0.000,0.000,1.000,0.000,0.000,1.000,0.000,0.000,1.000,0.000,0.000,0.000,0.000,0.000,0.000,1.000,0.000,4997.000
0.000,0.000,0.000,1.000,0.000,0.000,1.000,0.000,0.000,1.000,0.000,0.000,0.000,0.000,1.000,0.000,1.000,0.000,5409.000
0.000,0.000,0.000,1.000,0.000,1.000,0.000,0.000,0.000,1.000,0.000,0.000,0.000,0.000,0.000,0.000,1.000,0.000,5215.000
0.000,0.000,0.000,1.000,0.000,1.000,0.000,0.000,0.000,1.000,0.000,0.000,0.000,0.000,1.000,0.000,1.000,0.000,5627.000
0.000,1.000,0.000,0.000,0.000,1.000,0.000,0.000,0.000,1.000,0.000,0.000,0.000,0.000,0.000,0.000,1.000,0.000,5209.000
0.000,1.000,0.000,0.000,0.000,1.000,0.000,0.000,0.000,1.000,0.000,0.000,0.000,0.000,1.000,0.000,1.000,0.000,5621.000
0.000,1.000,0.000,0.000,0.000,1.000,0.000,0.000,0.000,0.000,1.000,0.000,0.000,0.000,0.000,0.000,1.000,0.000,5209.000
0.000,1.000,0.000,0.000,0.000,1.000,0.000,0.000,0.000,0.000,1.000,0.000,0.000,0.000,1.000,0.000,1.000,0.000,5621.000
0.000,0.000,0.000,1.000,0.000,1.000,0.000,0.000,0.000,0.000,1.000,0.000,0.000,0.000,0.000,0.000,1.000,0.000,5215.000
0.000,0.000,0.000,1.000,0.000,1.000,0.000,0.000,0.000,0.000,1.000,0.000,0.000,0.000,1.000,0.000,1.000,0.000,5627.000
0.000,0.000,0.000,1.000,0.000,1.000,0.000,0.000,1.000,0.000,0.000,0.000,0.000,0.000,0.000,0.000,1.000,0.000,5339.000
0.000,0.000,0.000,1.000,0.000,1.000,0.000,0.000,1.000,0.000,0.000,0.000,0.000,0.000,1.000,0.000,1.000,0.000,5751.000
0.000,1.000,0.000,0.000,0.000,1.000,0.000,0.000,1.000,0.000,0.000,0.000,0.000,0.000,0.000,0.000,1.000,0.000,5333.000
0.000,1.000,0.000,0.000,0.000,1.000,0.000,0.000,1.000,0.000,0.000,0.000,0.000,0.000,1.000,0.000,1.000,0.000,5745.000
0.000,1.000,0.000,0.000,0.000,0.000,0.000,0.000,1.000,0.000,0.000,0.000,1.000,0.000,0.000,0.000,1.000,0.000,5432.000
0.000,1.000,0.000,0.000,0.000,0.000,0.000,0.000,1.000,0.000,0.000,0.000,1.000,0.000,1.000,0.000,1.000,0.000,5838.000
0.000,0.000,0.000,1.000,0.000,0.000,0.000,0.000,1.000,0.000,0.000,0.000,1.000,0.000,0.000,0.000,1.000,0.000,5438.000
0.000,0.000,0.000,1.000,0.000,0.000,0.000,0.000,1.000,0.000,0.000,0.000,1.000,0.000,1.000,0.000,1.000,0.000,5844.000
0.000,0.000,0.000,1.000,0.000,0.000,0.000,0.000,0.000,0.000,1.000,0.000,1.000,0.000,0.000,0.000,1.000,0.000,5314.000
0.000,0.000,0.000,1.000,0.000,0.000,0.000,0.000,0.000,0.000,1.000,0.000,1.000,0.000,1.000,0.000,1.000,0.000,5720.000
0.000,1.000,0.000,0.000,0.000,0.000,0.000,0.000,0.000,0.000,1.000,0.000,1.000,0.000,0.000,0.000,1.000,0.000,5308.000
0.000,1.000,0.000,0.000,0.000,0.000,0.000,0.000,0.000,0.000,1.000,0.000,1.000,0.000,1.000,0.000,1.000,0.000,5714.000
0.000,1.000,0.000,0.000,0.000,0.000,0.000,0.000,0.000,1.000,0.000,0.000,1.000,0.000,0.000,0.000,1.000,0.000,5308.000
0.000,1.000,0.000,0.000,0.000,0.000,0.000,0.000,0.000,1.000,0.000,0.000,1.000,0.000,1.000,0.000,1.000,0.000,5714.000
0.000,0.000,0.000,1.000,0.000,0.000,0.000,0.000,0.000,1.000,0.000,0.000,1.000,0.000,0.000,0.000,1.000,0.000,5314.000
0.000,0.000,0.000,1.000,0.000,0.000,0.000,0.000,0.000,1.000,0.000,0.000,1.000,0.000,1.000,0.000,1.000,0.000,5720.000
0.000,1.000,0.000,0.000,0.000,1.000,0.000,0.000,0.000,0.000,1.000,0.000,0.000,1.000,0.000,1.000,1.000,1.000,9683.000
0.000,1.000,0.000,0.000,0.000,1.000,0.000,0.000,0.000,0.000,1.000,0.000,0.000,1.000,1.000,1.000,1.000,1.000,9950.000
0.000,0.000,0.000,1.000,0.000,1.000,0.000,0.000,0.000,0.000,1.000,0.000,0.000,1.000,0.000,1.000,1.000,1.000,9689.000
0.000,0.000,0.000,1.000,0.000,1.000,0.000,0.000,0.000,0.000,1.000,0.000,0.000,1.000,1.000,1.000,1.000,1.000,9956.000
0.000,1.000,0.000,0.000,1.000,1.000,0.000,0.000,0.000,0.000,1.000,0.000,0.000,1.000,0.000,0.000,1.000,1.000,9671.000
0.000,1.000,0.000,0.000,1.000,1.000,0.000,0.000,0.000,0.000,1.000,0.000,0.000,1.000,1.000,0.000,1.000,1.000,9938.000
0.000,0.000,0.000,1.000,1.000,1.000,0.000,0.000,0.000,0.000,1.000,0.000,0.000,1.000,0.000,0.000,1.000,1.000,9677.000
0.000,0.000,0.000,1.000,1.000,1.000,0.000,0.000,0.000,0.000,1.000,0.000,0.000,1.000,1.000,0.000,1.000,1.000,9944.000
0.000,0.000,0.000,1.000,1.000,1.000,0.000,0.000,0.000,0.000,1.000,0.000,0.000,1.000,0.000,1.000,1.000,1.000,10044.000
0.000,0.000,0.000,1.000,1.000,1.000,0.000,0.000,0.000,0.000,1.000,0.000,0.000,1.000,1.000,1.000,1.000,1.000,10311.000
0.000,1.000,0.000,0.000,1.000,1.000,0.000,0.000,0.000,0.000,1.000,0.000,0.000,1.000,0.000,1.000,1.000,1.000,10038.000
0.000,1.000,0.000,0.000,1.000,1.000,0.000,0.000,0.000,0.000,1.000,0.000,0.000,1.000,1.000,1.000,1.000,1.000,10305.000
0.000,1.000,0.000,0.000,0.000,1.000,0.000,0.000,1.000,0.000,0.000,0.000,0.000,1.000,0.000,1.000,1.000,1.000,9807.000
0.000,1.000,0.000,0.000,0.000,1.000,0.000,0.000,1.000,0.000,0.000,0.000,0.000,1.000,1.000,1.000,1.000,1.000,10074.000
0.000,1.000,0.000,0.000,1.000,1.000,0.000,0.000,1.000,0.000,0.000,0.000,0.000,1.000,0.000,0.000,1.000,1.000,9795.000
0.000,1.000,0.000,0.000,1.000,1.000,0.000,0.000,1.000,0.000,0.000,0.000,0.000,1.000,1.000,0.000,1.000,1.000,10062.000
0.000,1.000,0.000,0.000,1.000,1.000,0.000,0.000,1.000,0.000,0.000,0.000,0.000,1.000,0.000,1.000,1.000,1.000,10162.000
0.000,1.000,0.000,0.000,1.000,1.000,0.000,0.000,1.000,0.000,0.000,0.000,0.000,1.000,1.000,1.000,1.000,1.000,10429.000
0.000,0.000,0.000,1.000,1.000,1.000,0.000,0.000,1.000,0.000,0.000,0.000,0.000,1.000,0.000,0.000,1.000,1.000,9801.000
0.000,0.000,0.000,1.000,1.000,1.000,0.000,0.000,1.000,0.000,0.000,0.000,0.000,1.000,1.000,0.000,1.000,1.000,10068.000
0.000,0.000,0.000,1.000,0.000,1.000,0.000,0.000,1.000,0.000,0.000,0.000,0.000,1.000,0.000,1.000,1.000,1.000,9813.000
0.000,0.000,0.000,1.000,0.000,1.000,0.000,0.000,1.000,0.000,0.000,0.000,0.000,1.000,1.000,1.000,1.000,1.000,10080.000
0.000,0.000,0.000,1.000,1.000,1.000,0.000,0.000,1.000,0.000,0.000,0.000,0.000,1.000,0.000,1.000,1.000,1.000,10168.000
0.000,0.000,0.000,1.000,1.000,1.000,0.000,0.000,1.000,0.000,0.000,0.000,0.000,1.000,1.000,1.000,1.000,1.000,10435.000
0.000,0.000,0.000,1.000,0.000,1.000,0.000,0.000,0.000,1.000,0.000,0.000,0.000,1.000,0.000,1.000,1.000,1.000,9689.000
0.000,0.000,0.000,1.000,0.000,1.000,0.000,0.000,0.000,1.000,0.000,0.000,0.000,1.000,1.000,1.000,1.000,1.000,9956.000
0.000,0.000,0.000,1.000,1.000,1.000,0.000,0.000,0.000,1.000,0.000,0.000,0.000,1.000,0.000,0.000,1.000,1.000,9677.000
0.000,0.000,0.000,1.000,1.000,1.000,0.000,0.000,0.000,1.000,0.000,0.000,0.000,1.000,1.000,0.000,1.000,1.000,9944.000
0.000,0.000,0.000,1.000,1.000,1.000,0.000,0.000,0.000,1.000,0.000,0.000,0.000,1.000,0.000,1.000,1.000,1.000,10044.000
0.000,0.000,0.000,1.000,1.000,1.000,0.000,0.000,0.000,1.000,0.000,0.000,0.000,1.000,1.000,1.000,1.000,1.000,10311.000
0.000,1.000,0.000,0.000,1.000,1.000,0.000,0.000,0.000,1.000,0.000,0.000,0.000,1.000,0.000,0.000,1.000,1.000,9671.000
0.000,1.000,0.000,0.000,1.000,1.000,0.000,0.000,0.000,1.000,0.000,0.000,0.000,1.000,1.000,0.000,1.000,1.000,9938.000
0.000,1.000,0.000,0.000,0.000,1.000,0.000,0.000,0.000,1.000,0.000,0.000,0.000,1.000,0.000,1.000,1.000,1.000,9683.000
0.000,1.000,0.000,0.000,0.000,1.000,0.000,0.000,0.000,1.000,0.000,0.000,0.000,1.000,1.000,1.000,1.000,1.000,9950.000
0.000,1.000,0.000,0.000,1.000,1.000,0.000,0.000,0.000,1.000,0.000,0.000,0.000,1.000,0.000,1.000,1.000,1.000,10038.000
0.000,1.000,0.000,0.000,1.000,1.000,0.000,0.000,0.000,1.000,0.000,0.000,0.000,1.000,1.000,1.000,1.000,1.000,10305.000
0.000,0.000,0.000,1.000,1.000,0.000,1.000,0.000,1.000,0.000,0.000,0.000,0.000,1.000,0.000,0.000,1.000,1.000,9587.000
0.000,0.000,0.000,1.000,1.000,0.000,1.000,0.000,1.000,0.000,0.000,0.000,0.000,1.000,1.000,0.000,1.000,1.000,9854.000
0.000,0.000,0.000,1.000,0.000,0.000,1.000,0.000,1.000,0.000,0.000,0.000,0.000,1.000,0.000,1.000,1.000,1.000,9599.000
0.000,0.000,0.000,1.000,0.000,0.000,1.000,0.000,1.000,0.000,0.000,0.000,0.000,1.000,1.000,1.000,1.000,1.000,9866.000
0.000,0.000,0.000,1.000,1.000,0.000,1.000,0.000,1.000,0.000,0.000,0.000,0.000,1.000,0.000,1.000,1.000,1.000,9954.000
0.000,0.000,0.000,1.000,1.000,0.000,1.000,0.000,1.000,0.000,0.000,0.000,0.000,1.000,1.000,1.000,1.000,1.000,10221.000
0.000,1.000,0.000,0.000,0.000,0.000,1.000,0.000,1.000,0.000,0.000,0.000,0.000,1.000,0.000,1.000,1.000,1.000,9593.000
0.000,1.000,0.000,0.000,0.000,0.000,1.000,0.000,1.000,0.000,0.000,0.000,0.000,1.000,1.000,1.000,1.000,1.000,9860.000
0.000,1.000,0.000,0.000,1.000,0.000,1.000,0.000,1.000,0.000,0.000,0.000,0.000,1.000,0.000,0.000,1.000,1.000,9581.000
0.000,1.000,0.000,0.000,1.000,0.000,1.000,0.000,1.000,0.000,0.000,0.000,0.000,1.000,1.000,0.000,1.000,1.000,9848.000
0.000,1.000,0.000,0.000,1.000,0.000,1.000,0.000,1.000,0.000,0.000,0.000,0.000,1.000,0.000,1.000,1.000,1.000,9948.000
0.000,1.000,0.000,0.000,1.000,0.000,1.000,0.000,1.000,0.000,0.000,0.000,0.000,1.000,1.000,1.000,1.000,1.000,10215.000
0.000,1.000,0.000,0.000,1.000,0.000,1.000,0.000,0.000,1.000,0.000,0.000,0.000,1.000,0.000,0.000,1.000,1.000,9457.000
0.000,1.000,0.000,0.000,1.000,0.000,1.000,0.000,0.000,1.000,0.000,0.000,0.000,1.000,1.000,0.000,1.000,1.000,9724.000
0.000,1.000,0.000,0.000,0.000,0.000,1.000,0.000,0.000,1.000,0.000,0.000,0.000,1.000,0.000,1.000,1.000,1.000,9469.000
0.000,1.000,0.000,0.000,0.000,0.000,1.000,0.000,0.000,1.000,0.000,0.000,0.000,1.000,1.000,1.000,1.000,1.000,9736.000
0.000,1.000,0.000,0.000,1.000,0.000,1.000,0.000,0.000,1.000,0.000,0.000,0.000,1.000,0.000,1.000,1.000,1.000,9824.000
0.000,1.000,0.000,0.000,1.000,0.000,1.000,0.000,0.000,1.000,0.000,0.000,0.000,1.000,1.000,1.000,1.000,1.000,10091.000
0.000,0.000,0.000,1.000,0.000,0.000,1.000,0.000,0.000,1.000,0.000,0.000,0.000,1.000,0.000,1.000,1.000,1.000,9475.000
0.000,0.000,0.000,1.000,0.000,0.000,1.000,0.000,0.000,1.000,0.000,0.000,0.000,1.000,1.000,1.000,1.000,1.000,9742.000
0.000,0.000,0.000,1.000,1.000,0.000,1.000,0.000,0.000,1.000,0.000,0.000,0.000,1.000,0.000,0.000,1.000,1.000,9463.000
0.000,0.000,0.000,1.000,1.000,0.000,1.000,0.000,0.000,1.000,0.000,0.000,0.000,1.000,1.000,0.000,1.000,1.000,9730.000
0.000,0.000,0.000,1.000,1.000,0.000,1.000,0.000,0.000,1.000,0.000,0.000,0.000,1.000,0.000,1.000,1.000,1.000,9830.000
0.000,0.000,0.000,1.000,1.000,0.000,1.000,0.000,0.000,1.000,0.000,0.000,0.000,1.000,1.000,1.000,1.000,1.000,10097.000
0.000,0.000,0.000,1.000,1.000,0.000,1.000,0.000,0.000,0.000,1.000,0.000,0.000,1.000,0.000,0.000,1.000,1.000,9463.000
0.000,0.000,0.000,1.000,1.000,0.000,1.000,0.000,0.000,0.000,1.000,0.000,0.000,1.000,1.000,0.000,1.000,1.000,9730.000
0.000,0.000,0.000,1.000,0.000,0.000,1.000,0.000,0.000,0.000,1.000,0.000,0.000,1.000,0.000,1.000,1.000,1.000,9475.000
0.000,0.000,0.000,1.000,0.000,0.000,1.000,0.000,0.000,0.000,1.000,0.000,0.000,1.000,1.000,1.000,1.000,1.000,9742.000
0.000,0.000,0.000,1.000,1.000,0.000,1.000,0.000,0.000,0.000,1.000,0.000,0.000,1.000,0.000,1.000,1.000,1.000,9830.000
0.000,0.000,0.000,1.000,1.000,0.000,1.000,0.000,0.000,0.000,1.000,0.000,0.000,1.000,1.000,1.000,1.000,1.000,10097.000
0.000,1.000,0.000,0.000,0.000,0.000,1.000,0.000,0.000,0.000,1.000,0.000,0.000,1.000,0.000,1.000,1.000,1.000,9469.000
0.000,1.000,0.000,0.000,0.000,0.000,1.000,0.000,0.000,0.000,1.000,0.000,0.000,1.000,1.000,1.000,1.000,1.000,9736.000
0.000,1.000,0.000,0.000,1.000,0.000,1.000,0.000,0.000,0.000,1.000,0.000,0.000,1.000,0.000,0.000,1.000,1.000,9457.000
0.000,1.000,0.000,0.000,1.000,0.000,1.000,0.000,0.000,0.000,1.000,0.000,0.000,1.000,1.000,0.000,1.000,1.000,9724.000
0.000,1.000,0.000,0.000,1.000,0.000,1.000,0.000,0.000,0.000,1.000,0.000,0.000,1.000,0.000,1.000,1.000,1.000,9824.000
0.000,1.000,0.000,0.000,1.000,0.000,1.000,0.000,0.000,0.000,1.000,0.000,0.000,1.000,1.000,1.000,1.000,1.000,10091.000
0.000,1.000,0.000,0.000,1.000,0.000,0.000,0.000,0.000,0.000,1.000,0.000,1.000,1.000,0.000,0.000,1.000,1.000,9770.000
0.000,1.000,0.000,0.000,1.000,0.000,0.000,0.000,0.000,0.000,1.000,0.000,1.000,1.000,1.000,0.000,1.000,1.000,10031.000
0.000,1.000,0.000,0.000,0.000,0.000,0.000,0.000,0.000,0.000,1.000,0.000,1.000,1.000,0.000,1.000,1.000,1.000,9782.000
0.000,1.000,0.000,0.000,0.000,0.000,0.000,0.000,0.000,0.000,1.000,0.000,1.000,1.000,1.000,1.000,1.000,1.000,10043.000
0.000,1.000,0.000,0.000,1.000,0.000,0.000,0.000,0.000,0.000,1.000,0.000,1.000,1.000,0.000,1.000,1.000,1.000,10137.000
0.000,1.000,0.000,0.000,1.000,0.000,0.000,0.000,0.000,0.000,1.000,0.000,1.000,1.000,1.000,1.000,1.000,1.000,10398.000
0.000,0.000,0.000,1.000,0.000,0.000,0.000,0.000,0.000,0.000,1.000,0.000,1.000,1.000,0.000,1.000,1.000,1.000,9788.000
0.000,0.000,0.000,1.000,0.000,0.000,0.000,0.000,0.000,0.000,1.000,0.000,1.000,1.000,1.000,1.000,1.000,1.000,10049.000
0.000,0.000,0.000,1.000,1.000,0.000,0.000,0.000,0.000,0.000,1.000,0.000,1.000,1.000,0.000,0.000,1.000,1.000,9776.000
0.000,0.000,0.000,1.000,1.000,0.000,0.000,0.000,0.000,0.000,1.000,0.000,1.000,1.000,1.000,0.000,1.000,1.000,10037.000
0.000,0.000,0.000,1.000,1.000,0.000,0.000,0.000,0.000,0.000,1.000,0.000,1.000,1.000,0.000,1.000,1.000,1.000,10143.000
0.000,0.000,0.000,1.000,1.000,0.000,0.000,0.000,0.000,0.000,1.000,0.000,1.000,1.000,1.000,1.000,1.000,1.000,10404.000
0.000,0.000,0.000,1.000,1.000,0.000,0.000,0.000,1.000,0.000,0.000,0.000,1.000,1.000,0.000,0.000,1.000,1.000,9900.000
0.000,0.000,0.000,1.000,1.000,0.000,0.000,0.000,1.000,0.000,0.000,0.000,1.000,1.000,1.000,0.000,1.000,1.000,10161.000
0.000,0.000,0.000,1.000,0.000,0.000,0.000,0.000,1.000,0.000,0.000,0.000,1.000,1.000,0.000,1.000,1.000,1.000,9912.000
0.000,0.000,0.000,1.000,0.000,0.000,0.000,0.000,1.000,0.000,0.000,0.000,1.000,1.000,1.000,1.000,1.000,1.000,10173.000
0.000,0.000,0.000,1.000,1.000,0.000,0.000,0.000,1.000,0.000,0.000,0.000,1.000,1.000,0.000,1.000,1.000,1.000,10267.000
0.000,0.000,0.000,1.000,1.000,0.000,0.000,0.000,1.000,0.000,0.000,0.000,1.000,1.000,1.000,1.000,1.000,1.000,10528.000
0.000,1.000,0.000,0.000,0.000,0.000,0.000,0.000,1.000,0.000,0.000,0.000,1.000,1.000,0.000,1.000,1.000,1.000,9906.000
0.000,1.000,0.000,0.000,0.000,0.000,0.000,0.000,1.000,0.000,0.000,0.000,1.000,1.000,1.000,1.000,1.000,1.000,10167.000
0.000,1.000,0.000,0.000,1.000,0.000,0.000,0.000,1.000,0.000,0.000,0.000,1.000,1.000,0.000,0.000,1.000,1.000,9894.000
0.000,1.000,0.000,0.000,1.000,0.000,0.000,0.000,1.000,0.000,0.000,0.000,1.000,1.000,1.000,0.000,1.000,1.000,10155.000
0.000,1.000,0.000,0.000,1.000,0.000,0.000,0.000,1.000,0.000,0.000,0.000,1.000,1.000,0.000,1.000,1.000,1.000,10261.000
0.000,1.000,0.000,0.000,1.000,0.000,0.000,0.000,1.000,0.000,0.000,0.000,1.000,1.000,1.000,1.000,1.000,1.000,10522.000
0.000,1.000,0.000,0.000,1.000,0.000,0.000,0.000,0.000,1.000,0.000,0.000,1.000,1.000,0.000,0.000,1.000,1.000,9770.000
0.000,1.000,0.000,0.000,1.000,0.000,0.000,0.000,0.000,1.000,0.000,0.000,1.000,1.000,1.000,0.000,1.000,1.000,10031.000
0.000,1.000,0.000,0.000,0.000,0.000,0.000,0.000,0.000,1.000,0.000,0.000,1.000,1.000,0.000,1.000,1.000,1.000,9782.000
0.000,1.000,0.000,0.000,0.000,0.000,0.000,0.000,0.000,1.000,0.000,0.000,1.000,1.000,1.000,1.000,1.000,1.000,10043.000
0.000,1.000,0.000,0.000,1.000,0.000,0.000,0.000,0.000,1.000,0.000,0.000,1.000,1.000,0.000,1.000,1.000,1.000,10137.000
0.000,1.000,0.000,0.000,1.000,0.000,0.000,0.000,0.000,1.000,0.000,0.000,1.000,1.000,1.000,1.000,1.000,1.000,10398.000
0.000,0.000,0.000,1.000,0.000,0.000,0.000,0.000,0.000,1.000,0.000,0.000,1.000,1.000,0.000,1.000,1.000,1.000,9788.000
0.000,0.000,0.000,1.000,0.000,0.000,0.000,0.000,0.000,1.000,0.000,0.000,1.000,1.000,1.000,1.000,1.000,1.000,10049.000
0.000,0.000,0.000,1.000,1.000,0.000,0.000,0.000,0.000,1.000,0.000,0.000,1.000,1.000,0.000,0.000,1.000,1.000,9776.000
0.000,0.000,0.000,1.000,1.000,0.000,0.000,0.000,0.000,1.000,0.000,0.000,1.000,1.000,1.000,0.000,1.000,1.000,10037.000
0.000,0.000,0.000,1.000,1.000,0.000,0.000,0.000,0.000,1.000,0.000,0.000,1.000,1.000,0.000,1.000,1.000,1.000,10143.000
0.000,0.000,0.000,1.000,1.000,0.000,0.000,0.000,0.000,1.000,0.000,0.000,1.000,1.000,1.000,1.000,1.000,1.000,10404.000
0.000,0.000,0.000,1.000,1.000,0.000,0.000,1.000,0.000,1.000,0.000,0.000,0.000,1.000,0.000,0.000,1.000,1.000,9634.000
0.000,0.000,0.000,1.000,1.000,0.000,0.000,1.000,0.000,1.000,0.000,0.000,0.000,1.000,1.000,0.000,1.000,1.000,9901.000
0.000,0.000,0.000,1.000,0.000,0.000,0.000,1.000,0.000,1.000,0.000,0.000,0.000,1.000,0.000,1.000,1.000,1.000,9646.000
0.000,0.000,0.000,1.000,0.000,0.000,0.000,1.000,0.000,1.000,0.000,0.000,0.000,1.000,1.000,1.000,1.000,1.000,9913.000
0.000,0.000,0.000,1.000,1.000,0.000,0.000,1.000,0.000,1.000,0.000,0.000,0.000,1.000,0.000,1.000,1.000,1.000,10001.000
0.000,0.000,0.000,1.000,1.000,0.000,0.000,1.000,0.000,1.000,0.000,0.000,0.000,1.000,1.000,1.000,1.000,1.000,10268.000
0.000,1.000,0.000,0.000,0.000,0.000,0.000,1.000,0.000,1.000,0.000,0.000,0.000,1.000,0.000,1.000,1.000,1.000,9640.000
0.000,1.000,0.000,0.000,0.000,0.000,0.000,1.000,0.000,1.000,0.000,0.000,0.000,1.000,1.000,1.000,1.000,1.000,9907.000
0.000,1.000,0.000,0.000,1.000,0.000,0.000,1.000,0.000,1.000,0.000,0.000,0.000,1.000,0.000,0.000,1.000,1.000,9628.000
0.000,1.000,0.000,0.000,1.000,0.000,0.000,1.000,0.000,1.000,0.000,0.000,0.000,1.000,1.000,0.000,1.000,1.000,9895.000
0.000,1.000,0.000,0.000,1.000,0.000,0.000,1.000,0.000,1.000,0.000,0.000,0.000,1.000,0.000,1.000,1.000,1.000,9995.000
0.000,1.000,0.000,0.000,1.000,0.000,0.000,1.000,0.000,1.000,0.000,0.000,0.000,1.000,1.000,1.000,1.000,1.000,10262.000
0.000,1.000,0.000,0.000,1.000,0.000,0.000,1.000,1.000,0.000,0.000,0.000,0.000,1.000,0.000,0.000,1.000,1.000,9752.000
0.000,1.000,0.000,0.000,1.000,0.000,0.000,1.000,1.000,0.000,0.000,0.000,0.000,1.000,1.000,0.000,1.000,1.000,10019.000
0.000,1.000,0.000,0.000,0.000,0.000,0.000,1.000,1.000,0.000,0.000,0.000,0.000,1.000,0.000,1.000,1.000,1.000,9764.000
0.000,1.000,0.000,0.000,0.000,0.000,0.000,1.000,1.000,0.000,0.000,0.000,0.000,1.000,1.000,1.000,1.000,1.000,10031.000
0.000,1.000,0.000,0.000,1.000,0.000,0.000,1.000,1.000,0.000,0.000,0.000,0.000,1.000,0.000,1.000,1.000,1.000,10119.000
0.000,1.000,0.000,0.000,1.000,0.000,0.000,1.000,1.000,0.000,0.000,0.000,0.000,1.000,1.000,1.000,1.000,1.000,10386.000
0.000,0.000,0.000,1.000,0.000,0.000,0.000,1.000,1.000,0.000,0.000,0.000,0.000,1.000,0.000,1.000,1.000,1.000,9770.000
0.000,0.000,0.000,1.000,0.000,0.000,0.000,1.000,1.000,0.000,0.000,0.000,0.000,1.000,1.000,1.000,1.000,1.000,10037.000
0.000,0.000,0.000,1.000,1.000,0.000,0.000,1.000,1.000,0.000,0.000,0.000,0.000,1.000,0.000,0.000,1.000,1.000,9758.000
0.000,0.000,0.000,1.000,1.000,0.000,0.000,1.000,1.000,0.000,0.000,0.000,0.000,1.000,1.000,0.000,1.000,1.000,10025.000
0.000,0.000,0.000,1.000,1.000,0.000,0.000,1.000,1.000,0.000,0.000,0.000,0.000,1.000,0.000,1.000,1.000,1.000,10125.000
0.000,0.000,0.000,1.000,1.000,0.000,0.000,1.000,1.000,0.000,0.000,0.000,0.000,1.000,1.000,1.000,1.000,1.000,10392.000
0.000,0.000,0.000,1.000,1.000,0.000,0.000,1.000,0.000,0.000,1.000,0.000,0.000,1.000,0.000,0.000,1.000,1.000,9634.000
0.000,0.000,0.000,1.000,1.000,0.000,0.000,1.000,0.000,0.000,1.000,0.000,0.000,1.000,1.000,0.000,1.000,1.000,9901.000
0.000,0.000,0.000,1.000,0.000,0.000,0.000,1.000,0.000,0.000,1.000,0.000,0.000,1.000,0.000,1.000,1.000,1.000,9646.000
0.000,0.000,0.000,1.000,0.000,0.000,0.000,1.000,0.000,0.000,1.000,0.000,0.000,1.000,1.000,1.000,1.000,1.000,9913.000
0.000,0.000,0.000,1.000,1.000,0.000,0.000,1.000,0.000,0.000,1.000,0.000,0.000,1.000,0.000,1.000,1.000,1.000,10001.000
0.000,0.000,0.000,1.000,1.000,0.000,0.000,1.000,0.000,0.000,1.000,0.000,0.000,1.000,1.000,1.000,1.000,1.000,10268.000
0.000,1.000,0.000,0.000,0.000,0.000,0.000,1.000,0.000,0.000,1.000,0.000,0.000,1.000,0.000,1.000,1.000,1.000,9640.000
0.000,1.000,0.000,0.000,0.000,0.000,0.000,1.000,0.000,0.000,1.000,0.000,0.000,1.000,1.000,1.000,1.000,1.000,9907.000
0.000,1.000,0.000,0.000,1.000,0.000,0.000,1.000,0.000,0.000,1.000,0.000,0.000,1.000,0.000,0.000,1.000,1.000,9628.000
0.000,1.000,0.000,0.000,1.000,0.000,0.000,1.000,0.000,0.000,1.000,0.000,0.000,1.000,1.000,0.000,1.000,1.000,9895.000
0.000,1.000,0.000,0.000,1.000,0.000,0.000,1.000,0.000,0.000,1.000,0.000,0.000,1.000,0.000,1.000,1.000,1.000,9995.000
0.000,1.000,0.000,0.000,1.000,0.000,0.000,1.000,0.000,0.000,1.000,0.000,0.000,1.000,1.000,1.000,1.000,1.000,10262.000
