spouts,max_spout,spout_wait,spliters,counters,netty_min_wait,latency
1,1,1,1,1,10,4.4468
1,1,1,1,1,100,4.405
1,1,1,1,1,1000,4.4484
1,1,1,1,3,10,4.4822
1,1,1,1,3,100,4.4268
1,1,1,1,3,1000,4.4785
1,1,1,1,6,10,4.5171
1,1,1,1,6,100,4.6677
1,1,1,1,6,1000,4.5484
1,1,1,1,12,10,4.6159
1,1,1,1,12,100,4.6134
1,1,1,1,12,1000,4.5637
1,1,1,2,1,10,4.2424
1,1,1,2,1,100,4.3134
1,1,1,2,1,1000,4.1886
1,1,1,2,3,10,4.5248
1,1,1,2,3,100,4.538
1,1,1,2,3,1000,4.558
1,1,1,2,6,10,4.6177
1,1,1,2,6,100,4.6241
1,1,1,2,6,1000,4.6823
1,1,1,2,12,10,4.6904
1,1,1,2,12,100,4.5742
1,1,1,2,12,1000,4.6747
1,1,1,3,1,10,3.5077
1,1,1,3,1,100,3.4968
1,1,1,3,1,1000,3.5415
1,1,1,3,3,10,3.5633
1,1,1,3,3,100,3.3944
1,1,1,3,3,1000,3.4557
1,1,1,3,6,10,3.4955
1,1,1,3,6,100,3.4097
1,1,1,3,6,1000,3.46
1,1,1,3,12,10,3.5019
1,1,1,3,12,100,3.5121
1,1,1,3,12,1000,3.607
1,1,1,6,1,10,3.6658
1,1,1,6,1,100,3.5718
1,1,1,6,1,1000,3.5026
1,1,1,6,3,10,3.3911
1,1,1,6,3,100,3.4513
1,1,1,6,3,1000,3.3172
1,1,1,6,6,10,7.6576
1,1,1,6,6,100,3.4768
1,1,1,6,6,1000,3.4791
1,1,1,6,12,10,3.4506
1,1,1,6,12,100,3.484
1,1,1,6,12,1000,3.5139
1,1,2,1,1,10,5.49
1,1,2,1,1,100,5.2346
1,1,2,1,1,1000,5.3567
1,1,2,1,3,10,5.1373
1,1,2,1,3,100,5.2128
1,1,2,1,3,1000,5.0699
1,1,2,1,6,10,5.3701
1,1,2,1,6,100,5.2684
1,1,2,1,6,1000,5.3351
1,1,2,1,12,10,5.3401
1,1,2,1,12,100,5.3387
1,1,2,1,12,1000,5.281
1,1,2,2,1,10,4.8949
1,1,2,2,1,100,4.905
1,1,2,2,1,1000,4.9675
1,1,2,2,3,10,5.1239
1,1,2,2,3,100,4.9987
1,1,2,2,3,1000,5.1377
1,1,2,2,6,10,5.1432
1,1,2,2,6,100,5.139
1,1,2,2,6,1000,5.1478
1,1,2,2,12,10,5.4703
1,1,2,2,12,100,5.1627
1,1,2,2,12,1000,5.4166
1,1,2,3,1,10,4.4675
1,1,2,3,1,100,4.5089
1,1,2,3,1,1000,4.5103
1,1,2,3,3,10,4.291
1,1,2,3,3,100,4.3764
1,1,2,3,3,1000,4.3585
1,1,2,3,6,10,4.307
1,1,2,3,6,100,4.2994
1,1,2,3,6,1000,4.5131
1,1,2,3,12,10,4.5767
1,1,2,3,12,100,4.3609
1,1,2,3,12,1000,4.4103
1,1,2,6,1,10,4.5206
1,1,2,6,1,100,4.3057
1,1,2,6,1,1000,4.4787
1,1,2,6,3,10,4.379
1,1,2,6,3,100,4.2981
1,1,2,6,3,1000,4.3381
1,1,2,6,6,10,4.3737
1,1,2,6,6,100,4.3308
1,1,2,6,6,1000,4.3968
1,1,2,6,12,10,4.3378
1,1,2,6,12,100,4.3703
1,1,2,6,12,1000,4.4231
1,1,3,1,1,10,6.1904
1,1,3,1,1,100,6.0909
1,1,3,1,1,1000,6.107
1,1,3,1,3,10,6.0975
1,1,3,1,3,100,6.207
1,1,3,1,3,1000,5.9981
1,1,3,1,6,10,6.1188
1,1,3,1,6,100,6.3713
1,1,3,1,6,1000,6.1561
1,1,3,1,12,10,6.3122
1,1,3,1,12,100,6.1555
1,1,3,1,12,1000,6.1748
1,1,3,2,1,10,5.7019
1,1,3,2,1,100,5.8506
1,1,3,2,1,1000,5.8025
1,1,3,2,3,10,6.0442
1,1,3,2,3,100,6.0619
1,1,3,2,3,1000,6.1587
1,1,3,2,6,10,6.1697
1,1,3,2,6,100,6.0804
1,1,3,2,6,1000,6.1652
1,1,3,2,12,10,6.1045
1,1,3,2,12,100,6.1146
1,1,3,2,12,1000,6.1705
1,1,3,3,1,10,4.9466
1,1,3,3,1,100,4.8406
1,1,3,3,1,1000,4.9475
1,1,3,3,3,10,4.9271
1,1,3,3,3,100,4.8791
1,1,3,3,3,1000,4.8299
1,1,3,3,6,10,4.8937
1,1,3,3,6,100,4.9
1,1,3,3,6,1000,4.8477
1,1,3,3,12,10,5.1892
1,1,3,3,12,100,5.1301
1,1,3,3,12,1000,5.1923
1,1,3,6,1,10,4.7158
1,1,3,6,1,100,4.884
1,1,3,6,1,1000,4.9139
1,1,3,6,3,10,4.7522
1,1,3,6,3,100,4.9057
1,1,3,6,3,1000,4.7925
1,1,3,6,6,10,4.9799
1,1,3,6,6,100,5.0026
1,1,3,6,6,1000,4.9731
1,1,3,6,12,10,5.2083
1,1,3,6,12,100,5.0696
1,1,3,6,12,1000,5.1408
1,1,10,1,1,10,11.268
1,1,10,1,1,100,11.129
1,1,10,1,1,1000,11.148
1,1,10,1,3,10,21.977
1,1,10,1,3,100,10.837
1,1,10,1,3,1000,11.05
1,1,10,1,6,10,11.253
1,1,10,1,6,100,10.922
1,1,10,1,6,1000,11.217
1,1,10,1,12,10,10.928
1,1,10,1,12,100,10.994
1,1,10,1,12,1000,10.843
1,1,10,2,1,10,23.964
1,1,10,2,1,100,22.432
1,1,10,2,1,1000,11.2
1,1,10,2,3,10,10.879
1,1,10,2,3,100,10.809
1,1,10,2,3,1000,23.573
1,1,10,2,6,10,10.801
1,1,10,2,6,100,11.033
1,1,10,2,6,1000,10.774
1,1,10,2,12,10,10.91
1,1,10,2,12,100,10.94
1,1,10,2,12,1000,10.858
1,1,10,3,1,10,11.198
1,1,10,3,1,100,10.849
1,1,10,3,1,1000,10.874
1,1,10,3,3,10,10.984
1,1,10,3,3,100,10.91
1,1,10,3,3,1000,10.827
1,1,10,3,6,10,10.696
1,1,10,3,6,100,10.829
1,1,10,3,6,1000,10.577
1,1,10,3,12,10,10.706
1,1,10,3,12,100,10.754
1,1,10,3,12,1000,10.723
1,1,10,6,1,10,20.952
1,1,10,6,1,100,11.109
1,1,10,6,1,1000,10.881
1,1,10,6,3,10,10.906
1,1,10,6,3,100,10.994
1,1,10,6,3,1000,10.765
1,1,10,6,6,10,10.763
1,1,10,6,6,100,11.083
1,1,10,6,6,1000,10.583
1,1,10,6,12,10,10.631
1,1,10,6,12,100,10.794
1,1,10,6,12,1000,10.662
1,1,100,1,1,10,213.14
1,1,100,1,1,100,100.38
1,1,100,1,1,1000,101.53
1,1,100,1,3,10,100.55
1,1,100,1,3,100,100.3
1,1,100,1,3,1000,101.64
1,1,100,1,6,10,101.73
1,1,100,1,6,100,100.37
1,1,100,1,6,1000,100.3
1,1,100,1,12,10,101.78
1,1,100,1,12,100,101.53
1,1,100,1,12,1000,100.4
1,1,100,2,1,10,100.37
1,1,100,2,1,100,101.6
1,1,100,2,1,1000,100.3
1,1,100,2,3,10,100.41
1,1,100,2,3,100,100.51
1,1,100,2,3,1000,101.85
1,1,100,2,6,10,100.64
1,1,100,2,6,100,100.44
1,1,100,2,6,1000,218.24
1,1,100,2,12,10,100.4
1,1,100,2,12,100,100.34
1,1,100,2,12,1000,100.3
1,1,100,3,1,10,100.32
1,1,100,3,1,100,100.38
1,1,100,3,1,1000,100.43
1,1,100,3,3,10,100.39
1,1,100,3,3,100,100.48
1,1,100,3,3,1000,100.42
1,1,100,3,6,10,100.48
1,1,100,3,6,100,100.4
1,1,100,3,6,1000,100.41
1,1,100,3,12,10,100.33
1,1,100,3,12,100,101.46
1,1,100,3,12,1000,100.47
1,1,100,6,1,10,100.38
1,1,100,6,1,100,100.47
1,1,100,6,1,1000,100.32
1,1,100,6,3,10,100.37
1,1,100,6,3,100,100.41
1,1,100,6,3,1000,100.42
1,1,100,6,6,10,100.38
1,1,100,6,6,100,100.44
1,1,100,6,6,1000,102.09
1,1,100,6,12,10,100.46
1,1,100,6,12,100,100.41
1,1,100,6,12,1000,100.5
1,2,1,1,1,10,4.9752
1,2,1,1,1,100,7.6709
1,2,1,1,1,1000,4.975
1,2,1,1,3,10,4.6327
1,2,1,1,3,100,4.6888
1,2,1,1,3,1000,4.5601
1,2,1,1,6,10,4.742
1,2,1,1,6,100,4.8188
1,2,1,1,6,1000,4.6654
1,2,1,1,12,10,4.8848
1,2,1,1,12,100,4.8058
1,2,1,1,12,1000,5.3365
1,2,1,2,1,10,4.4127
1,2,1,2,1,100,4.3792
1,2,1,2,1,1000,4.2854
1,2,1,2,3,10,4.6404
1,2,1,2,3,100,4.6938
1,2,1,2,3,1000,4.6135
1,2,1,2,6,10,4.6842
1,2,1,2,6,100,7.3239
1,2,1,2,6,1000,4.7191
1,2,1,2,12,10,4.6703
1,2,1,2,12,100,4.8437
1,2,1,2,12,1000,4.7506
1,2,1,3,1,10,4.251
1,2,1,3,1,100,4.295
1,2,1,3,1,1000,4.2084
1,2,1,3,3,10,3.7197
1,2,1,3,3,100,3.714
1,2,1,3,3,1000,3.7956
1,2,1,3,6,10,3.9013
1,2,1,3,6,100,3.9929
1,2,1,3,6,1000,3.9803
1,2,1,3,12,10,3.9408
1,2,1,3,12,100,3.9865
1,2,1,3,12,1000,3.9771
1,2,1,6,1,10,4.0753
1,2,1,6,1,100,4.1051
1,2,1,6,1,1000,4.395
1,2,1,6,3,10,3.8101
1,2,1,6,3,100,3.7656
1,2,1,6,3,1000,3.7782
1,2,1,6,6,10,3.9164
1,2,1,6,6,100,3.8786
1,2,1,6,6,1000,3.8956
1,2,1,6,12,10,4.0115
1,2,1,6,12,100,3.9855
1,2,1,6,12,1000,4.0256
1,2,2,1,1,10,5.7478
1,2,2,1,1,100,5.7538
1,2,2,1,1,1000,5.6302
1,2,2,1,3,10,5.3713
1,2,2,1,3,100,5.3532
1,2,2,1,3,1000,5.3866
1,2,2,1,6,10,5.4404
1,2,2,1,6,100,5.5331
1,2,2,1,6,1000,5.4591
1,2,2,1,12,10,5.5294
1,2,2,1,12,100,5.7195
1,2,2,1,12,1000,5.6994
1,2,2,2,1,10,5.1449
1,2,2,2,1,100,5.0772
1,2,2,2,1,1000,5.0329
1,2,2,2,3,10,8.0346
1,2,2,2,3,100,5.2255
1,2,2,2,3,1000,5.6994
1,2,2,2,6,10,5.2703
1,2,2,2,6,100,5.1917
1,2,2,2,6,1000,5.2892
1,2,2,2,12,10,5.4603
1,2,2,2,12,100,5.3918
1,2,2,2,12,1000,5.4408
1,2,2,3,1,10,4.9936
1,2,2,3,1,100,5.1669
1,2,2,3,1,1000,5.0013
1,2,2,3,3,10,4.6776
1,2,2,3,3,100,4.6903
1,2,2,3,3,1000,4.8357
1,2,2,3,6,10,4.7142
1,2,2,3,6,100,4.6922
1,2,2,3,6,1000,4.7038
1,2,2,3,12,10,4.7827
1,2,2,3,12,100,4.7799
1,2,2,3,12,1000,4.881
1,2,2,6,1,10,5.1089
1,2,2,6,1,100,5.1955
1,2,2,6,1,1000,5.2723
1,2,2,6,3,10,4.6608
1,2,2,6,3,100,4.6526
1,2,2,6,3,1000,4.6987
1,2,2,6,6,10,7.2747
1,2,2,6,6,100,4.7526
1,2,2,6,6,1000,4.9654
1,2,2,6,12,10,4.811
1,2,2,6,12,100,4.8628
1,2,2,6,12,1000,4.8619
1,2,3,1,1,10,6.6938
1,2,3,1,1,100,6.8108
1,2,3,1,1,1000,6.8904
1,2,3,1,3,10,6.3564
1,2,3,1,3,100,6.2956
1,2,3,1,3,1000,6.3516
1,2,3,1,6,10,6.4327
1,2,3,1,6,100,6.3747
1,2,3,1,6,1000,6.4323
1,2,3,1,12,10,6.5086
1,2,3,1,12,100,6.5052
1,2,3,1,12,1000,6.3391
1,2,3,2,1,10,5.7949
1,2,3,2,1,100,5.8898
1,2,3,2,1,1000,5.6573
1,2,3,2,3,10,6.0386
1,2,3,2,3,100,5.9911
1,2,3,2,3,1000,6.0537
1,2,3,2,6,10,6.169
1,2,3,2,6,100,6.0906
1,2,3,2,6,1000,6.2077
1,2,3,2,12,10,6.3154
1,2,3,2,12,100,6.1788
1,2,3,2,12,1000,6.1445
1,2,3,3,1,10,5.6987
1,2,3,3,1,100,8.758
1,2,3,3,1,1000,5.9531
1,2,3,3,3,10,5.4912
1,2,3,3,3,100,5.4287
1,2,3,3,3,1000,5.417
1,2,3,3,6,10,5.5417
1,2,3,3,6,100,5.7447
1,2,3,3,6,1000,5.5943
1,2,3,3,12,10,5.7847
1,2,3,3,12,100,5.7758
1,2,3,3,12,1000,5.7225
1,2,3,6,1,10,5.7722
1,2,3,6,1,100,6.0006
1,2,3,6,1,1000,5.9893
1,2,3,6,3,10,5.4395
1,2,3,6,3,100,5.4186
1,2,3,6,3,1000,5.4572
1,2,3,6,6,10,5.7252
1,2,3,6,6,100,5.8065
1,2,3,6,6,1000,5.6969
1,2,3,6,12,10,5.7844
1,2,3,6,12,100,5.7968
1,2,3,6,12,1000,8.4719
1,2,10,1,1,10,11.411
1,2,10,1,1,100,11.49
1,2,10,1,1,1000,11.414
1,2,10,1,3,10,11.015
1,2,10,1,3,100,10.956
1,2,10,1,3,1000,10.979
1,2,10,1,6,10,11.009
1,2,10,1,6,100,11.043
1,2,10,1,6,1000,11.07
1,2,10,1,12,10,10.833
1,2,10,1,12,100,10.989
1,2,10,1,12,1000,10.983
1,2,10,2,1,10,11.011
1,2,10,2,1,100,11.001
1,2,10,2,1,1000,10.946
1,2,10,2,3,10,10.721
1,2,10,2,3,100,10.792
1,2,10,2,3,1000,10.912
1,2,10,2,6,10,10.799
1,2,10,2,6,100,10.892
1,2,10,2,6,1000,10.917
1,2,10,2,12,10,10.877
1,2,10,2,12,100,10.844
1,2,10,2,12,1000,11.699
1,2,10,3,1,10,11.096
1,2,10,3,1,100,11.025
1,2,10,3,1,1000,11.084
1,2,10,3,3,10,10.692
1,2,10,3,3,100,10.765
1,2,10,3,3,1000,10.748
1,2,10,3,6,10,10.66
1,2,10,3,6,100,11.031
1,2,10,3,6,1000,10.858
1,2,10,3,12,10,10.796
1,2,10,3,12,100,10.85
1,2,10,3,12,1000,10.784
1,2,10,6,1,10,11.27
1,2,10,6,1,100,11.016
1,2,10,6,1,1000,11.074
1,2,10,6,3,10,10.794
1,2,10,6,3,100,10.736
1,2,10,6,3,1000,10.851
1,2,10,6,6,10,10.745
1,2,10,6,6,100,10.821
1,2,10,6,6,1000,10.74
1,2,10,6,12,10,10.789
1,2,10,6,12,100,10.719
1,2,10,6,12,1000,10.693
1,2,100,1,1,10,101.57
1,2,100,1,1,100,100.52
1,2,100,1,1,1000,100.62
1,2,100,1,3,10,101.12
1,2,100,1,3,100,100.47
1,2,100,1,3,1000,100.52
1,2,100,1,6,10,100.54
1,2,100,1,6,100,100.65
1,2,100,1,6,1000,100.47
1,2,100,1,12,10,101.55
1,2,100,1,12,100,100.5
1,2,100,1,12,1000,101.1
1,2,100,2,1,10,100.6
1,2,100,2,1,100,100.54
1,2,100,2,1,1000,100.52
1,2,100,2,3,10,100.49
1,2,100,2,3,100,100.48
1,2,100,2,3,1000,100.4
1,2,100,2,6,10,101.09
1,2,100,2,6,100,100.52
1,2,100,2,6,1000,100.53
1,2,100,2,12,10,101.09
1,2,100,2,12,100,100.51
1,2,100,2,12,1000,100.52
1,2,100,3,1,10,100.59
1,2,100,3,1,100,100.43
1,2,100,3,1,1000,100.55
1,2,100,3,3,10,100.63
1,2,100,3,3,100,153.3
1,2,100,3,3,1000,100.52
1,2,100,3,6,10,100.95
1,2,100,3,6,100,100.67
1,2,100,3,6,1000,101.13
1,2,100,3,12,10,100.54
1,2,100,3,12,100,100.71
1,2,100,3,12,1000,100.68
1,2,100,6,1,10,100.57
1,2,100,6,1,100,101.22
1,2,100,6,1,1000,100.54
1,2,100,6,3,10,100.92
1,2,100,6,3,100,101.07
1,2,100,6,3,1000,101.41
1,2,100,6,6,10,100.24
1,2,100,6,6,100,100.53
1,2,100,6,6,1000,100.19
1,2,100,6,12,10,100.52
1,2,100,6,12,100,101.28
1,2,100,6,12,1000,100.68
1,10,1,1,1,10,11.309
1,10,1,1,1,100,11.215
1,10,1,1,1,1000,11.335
1,10,1,1,3,10,8.4214
1,10,1,1,3,100,8.3948
1,10,1,1,3,1000,8.5082
1,10,1,1,6,10,8.9675
1,10,1,1,6,100,9.0342
1,10,1,1,6,1000,9.9221
1,10,1,1,12,10,9.4325
1,10,1,1,12,100,9.2795
1,10,1,1,12,1000,9.7994
1,10,1,2,1,10,9.4223
1,10,1,2,1,100,9.5084
1,10,1,2,1,1000,9.5654
1,10,1,2,3,10,7.9853
1,10,1,2,3,100,9.0089
1,10,1,2,3,1000,7.7715
1,10,1,2,6,10,8.3359
1,10,1,2,6,100,8.3452
1,10,1,2,6,1000,8.4146
1,10,1,2,12,10,9.1968
1,10,1,2,12,100,8.6787
1,10,1,2,12,1000,10.006
1,10,1,3,1,10,10.982
1,10,1,3,1,100,11.194
1,10,1,3,1,1000,11.161
1,10,1,3,3,10,7.6618
1,10,1,3,3,100,9.579
1,10,1,3,3,1000,7.8369
1,10,1,3,6,10,8.0656
1,10,1,3,6,100,7.825
1,10,1,3,6,1000,7.8794
1,10,1,3,12,10,7.4564
1,10,1,3,12,100,7.8115
1,10,1,3,12,1000,8.731
1,10,1,6,1,10,10.631
1,10,1,6,1,100,10.992
1,10,1,6,1,1000,11.073
1,10,1,6,3,10,8.4994
1,10,1,6,3,100,8.3045
1,10,1,6,3,1000,9.08
1,10,1,6,6,10,7.907
1,10,1,6,6,100,8.5256
1,10,1,6,6,1000,8.2106
1,10,1,6,12,10,8.9026
1,10,1,6,12,100,8.7592
1,10,1,6,12,1000,9.7051
1,10,2,1,1,10,11.869
1,10,2,1,1,100,11.807
1,10,2,1,1,1000,14.008
1,10,2,1,3,10,8.272
1,10,2,1,3,100,8.2688
1,10,2,1,3,1000,8.7481
1,10,2,1,6,10,8.6295
1,10,2,1,6,100,8.5266
1,10,2,1,6,1000,9.7487
1,10,2,1,12,10,9.0167
1,10,2,1,12,100,10.154
1,10,2,1,12,1000,9.0157
1,10,2,2,1,10,10.396
1,10,2,2,1,100,9.8081
1,10,2,2,1,1000,10.148
1,10,2,2,3,10,8.135
1,10,2,2,3,100,8.0115
1,10,2,2,3,1000,8.1943
1,10,2,2,6,10,8.5226
1,10,2,2,6,100,9.386
1,10,2,2,6,1000,8.3824
1,10,2,2,12,10,9.7568
1,10,2,2,12,100,9.1237
1,10,2,2,12,1000,9.9783
1,10,2,3,1,10,11.739
1,10,2,3,1,100,12.555
1,10,2,3,1,1000,12.357
1,10,2,3,3,10,8.1344
1,10,2,3,3,100,8.0767
1,10,2,3,3,1000,8.3268
1,10,2,3,6,10,8.9429
1,10,2,3,6,100,8.9942
1,10,2,3,6,1000,8.2758
1,10,2,3,12,10,8.6121
1,10,2,3,12,100,8.5375
1,10,2,3,12,1000,8.669
1,10,2,6,1,10,10.988
1,10,2,6,1,100,11.501
1,10,2,6,1,1000,10.812
1,10,2,6,3,10,8.7688
1,10,2,6,3,100,8.9097
1,10,2,6,3,1000,8.6542
1,10,2,6,6,10,8.6841
1,10,2,6,6,100,8.8574
1,10,2,6,6,1000,8.6797
1,10,2,6,12,10,8.6892
1,10,2,6,12,100,8.9078
1,10,2,6,12,1000,9.7277
1,10,3,1,1,10,12.625
1,10,3,1,1,100,12.434
1,10,3,1,1,1000,12.956
1,10,3,1,3,10,9.0591
1,10,3,1,3,100,8.7962
1,10,3,1,3,1000,8.9627
1,10,3,1,6,10,9.2579
1,10,3,1,6,100,9.149
1,10,3,1,6,1000,10.051
1,10,3,1,12,10,9.534
1,10,3,1,12,100,9.5298
1,10,3,1,12,1000,9.3961
1,10,3,2,1,10,10.198
1,10,3,2,1,100,10.413
1,10,3,2,1,1000,10.782
1,10,3,2,3,10,8.2019
1,10,3,2,3,100,8.2459
1,10,3,2,3,1000,9.4949
1,10,3,2,6,10,9.8717
1,10,3,2,6,100,8.5872
1,10,3,2,6,1000,9.6342
1,10,3,2,12,10,9.1031
1,10,3,2,12,100,9.3806
1,10,3,2,12,1000,9.102
1,10,3,3,1,10,12.088
1,10,3,3,1,100,12.117
1,10,3,3,1,1000,13.028
1,10,3,3,3,10,8.8931
1,10,3,3,3,100,8.7506
1,10,3,3,3,1000,8.8929
1,10,3,3,6,10,8.7552
1,10,3,3,6,100,8.7782
1,10,3,3,6,1000,8.8658
1,10,3,3,12,10,8.9316
1,10,3,3,12,100,9.0692
1,10,3,3,12,1000,9.1431
1,10,3,6,1,10,11.37
1,10,3,6,1,100,11.617
1,10,3,6,1,1000,12.038
1,10,3,6,3,10,8.7924
1,10,3,6,3,100,9.2258
1,10,3,6,3,1000,9.2177
1,10,3,6,6,10,9.1573
1,10,3,6,6,100,9.4936
1,10,3,6,6,1000,9.6819
1,10,3,6,12,10,10.005
1,10,3,6,12,100,9.417
1,10,3,6,12,1000,9.6064
1,10,10,1,1,10,18.788
1,10,10,1,1,100,17.192
1,10,10,1,1,1000,17.464
1,10,10,1,3,10,13.388
1,10,10,1,3,100,13.349
1,10,10,1,3,1000,13.502
1,10,10,1,6,10,13.401
1,10,10,1,6,100,13.276
1,10,10,1,6,1000,15.344
1,10,10,1,12,10,13.53
1,10,10,1,12,100,14.087
1,10,10,1,12,1000,14.151
1,10,10,2,1,10,15.053
1,10,10,2,1,100,16.725
1,10,10,2,1,1000,16.664
1,10,10,2,3,10,11.763
1,10,10,2,3,100,11.927
1,10,10,2,3,1000,12.2
1,10,10,2,6,10,12.179
1,10,10,2,6,100,11.913
1,10,10,2,6,1000,12.193
1,10,10,2,12,10,12.247
1,10,10,2,12,100,13.308
1,10,10,2,12,1000,12.346
1,10,10,3,1,10,17.256
1,10,10,3,1,100,16.334
1,10,10,3,1,1000,16.693
1,10,10,3,3,10,13.635
1,10,10,3,3,100,13.692
1,10,10,3,3,1000,13.7
1,10,10,3,6,10,12.653
1,10,10,3,6,100,12.983
1,10,10,3,6,1000,13.092
1,10,10,3,12,10,13.665
1,10,10,3,12,100,13.743
1,10,10,3,12,1000,13.637
1,10,10,6,1,10,16.455
1,10,10,6,1,100,16.251
1,10,10,6,1,1000,17.871
1,10,10,6,3,10,14.083
1,10,10,6,3,100,13.819
1,10,10,6,3,1000,13.804
1,10,10,6,6,10,13.904
1,10,10,6,6,100,13.792
1,10,10,6,6,1000,14.348
1,10,10,6,12,10,14.95
1,10,10,6,12,100,13.324
1,10,10,6,12,1000,15.064
1,10,100,1,1,10,101.14
1,10,100,1,1,100,100.88
1,10,100,1,1,1000,100.73
1,10,100,1,3,10,100.89
1,10,100,1,3,100,101.2
1,10,100,1,3,1000,112.1
1,10,100,1,6,10,100.78
1,10,100,1,6,100,100.39
1,10,100,1,6,1000,100.7
1,10,100,1,12,10,100.55
1,10,100,1,12,100,100.83
1,10,100,1,12,1000,101.3
1,10,100,2,1,10,100.72
1,10,100,2,1,100,110.25
1,10,100,2,1,1000,111.22
1,10,100,2,3,10,101.22
1,10,100,2,3,100,100.9
1,10,100,2,3,1000,101.07
1,10,100,2,6,10,101.34
1,10,100,2,6,100,101.03
1,10,100,2,6,1000,112.8
1,10,100,2,12,10,101.58
1,10,100,2,12,100,100.92
1,10,100,2,12,1000,100.64
1,10,100,3,1,10,100.1
1,10,100,3,1,100,100.29
1,10,100,3,1,1000,112.39
1,10,100,3,3,10,100.63
1,10,100,3,3,100,100.89
1,10,100,3,3,1000,100.54
1,10,100,3,6,10,99.636
1,10,100,3,6,100,100.54
1,10,100,3,6,1000,99.949
1,10,100,3,12,10,101
1,10,100,3,12,100,100.74
1,10,100,3,12,1000,100.4
1,10,100,6,1,10,100.23
1,10,100,6,1,100,100.52
1,10,100,6,1,1000,119.01
1,10,100,6,3,10,109.93
1,10,100,6,3,100,99.152
1,10,100,6,3,1000,110.2
1,10,100,6,6,10,98.764
1,10,100,6,6,100,98.596
1,10,100,6,6,1000,100.84
1,10,100,6,12,10,100.41
1,10,100,6,12,100,99.147
1,10,100,6,12,1000,98.501
1,100,1,1,1,10,120.25
1,100,1,1,1,100,111.63
1,100,1,1,1,1000,120.11
1,100,1,1,3,10,89
1,100,1,1,3,100,87.489
1,100,1,1,3,1000,84.245
1,100,1,1,6,10,79.122
1,100,1,1,6,100,77.813
1,100,1,1,6,1000,86.103
1,100,1,1,12,10,71.096
1,100,1,1,12,100,69.527
1,100,1,1,12,1000,70.55
1,100,1,2,1,10,132.39
1,100,1,2,1,100,134.75
1,100,1,2,1,1000,130.98
1,100,1,2,3,10,73.065
1,100,1,2,3,100,73.835
1,100,1,2,3,1000,71.676
1,100,1,2,6,10,65.039
1,100,1,2,6,100,63.288
1,100,1,2,6,1000,58.673
1,100,1,2,12,10,49.909
1,100,1,2,12,100,53.99
1,100,1,2,12,1000,53.029
1,100,1,3,1,10,124.3
1,100,1,3,1,100,118.77
1,100,1,3,1,1000,131.27
1,100,1,3,3,10,89.609
1,100,1,3,3,100,87.581
1,100,1,3,3,1000,91.652
1,100,1,3,6,10,76.981
1,100,1,3,6,100,83.93
1,100,1,3,6,1000,78.834
1,100,1,3,12,10,73.699
1,100,1,3,12,100,75.626
1,100,1,3,12,1000,79.929
1,100,1,6,1,10,121.51
1,100,1,6,1,100,115.62
1,100,1,6,1,1000,116.83
1,100,1,6,3,10,85.062
1,100,1,6,3,100,89.475
1,100,1,6,3,1000,92.724
1,100,1,6,6,10,88.285
1,100,1,6,6,100,88.642
1,100,1,6,6,1000,79.706
1,100,1,6,12,10,70.458
1,100,1,6,12,100,82.49
1,100,1,6,12,1000,75.42
1,100,2,1,1,10,118.26
1,100,2,1,1,100,112.23
1,100,2,1,1,1000,118.21
1,100,2,1,3,10,85.4
1,100,2,1,3,100,79.113
1,100,2,1,3,1000,84.045
1,100,2,1,6,10,76.439
1,100,2,1,6,100,73.489
1,100,2,1,6,1000,81.28
1,100,2,1,12,10,71.058
1,100,2,1,12,100,68.169
1,100,2,1,12,1000,70.434
1,100,2,2,1,10,126.27
1,100,2,2,1,100,129.4
1,100,2,2,1,1000,131.93
1,100,2,2,3,10,73.867
1,100,2,2,3,100,69.573
1,100,2,2,3,1000,77.249
1,100,2,2,6,10,60.602
1,100,2,2,6,100,59.594
1,100,2,2,6,1000,63.241
1,100,2,2,12,10,55.708
1,100,2,2,12,100,49.377
1,100,2,2,12,1000,56.16
1,100,2,3,1,10,114.99
1,100,2,3,1,100,117.99
1,100,2,3,1,1000,118.07
1,100,2,3,3,10,76.493
1,100,2,3,3,100,83.58
1,100,2,3,3,1000,82.415
1,100,2,3,6,10,77.449
1,100,2,3,6,100,78.682
1,100,2,3,6,1000,75.72
1,100,2,3,12,10,74.442
1,100,2,3,12,100,74.897
1,100,2,3,12,1000,75.714
1,100,2,6,1,10,110.66
1,100,2,6,1,100,109.53
1,100,2,6,1,1000,125.27
1,100,2,6,3,10,83.458
1,100,2,6,3,100,84.443
1,100,2,6,3,1000,82.038
1,100,2,6,6,10,76.766
1,100,2,6,6,100,78.504
1,100,2,6,6,1000,74.479
1,100,2,6,12,10,71.85
1,100,2,6,12,100,75.264
1,100,2,6,12,1000,74.841
1,100,3,1,1,10,112.11
1,100,3,1,1,100,108.16
1,100,3,1,1,1000,119.16
1,100,3,1,3,10,78.327
1,100,3,1,3,100,75.554
1,100,3,1,3,1000,81.794
1,100,3,1,6,10,76.45
1,100,3,1,6,100,80.33
1,100,3,1,6,1000,73.933
1,100,3,1,12,10,64.588
1,100,3,1,12,100,67.05
1,100,3,1,12,1000,72.333
1,100,3,2,1,10,121.74
1,100,3,2,1,100,128.17
1,100,3,2,1,1000,125.33
1,100,3,2,3,10,75.491
1,100,3,2,3,100,76.698
1,100,3,2,3,1000,75.643
1,100,3,2,6,10,59.748
1,100,3,2,6,100,61.849
1,100,3,2,6,1000,61.292
1,100,3,2,12,10,52.223
1,100,3,2,12,100,52.066
1,100,3,2,12,1000,50.396
1,100,3,3,1,10,121.2
1,100,3,3,1,100,123.62
1,100,3,3,1,1000,117.75
1,100,3,3,3,10,82.262
1,100,3,3,3,100,80.868
1,100,3,3,3,1000,81.787
1,100,3,3,6,10,78.273
1,100,3,3,6,100,75.746
1,100,3,3,6,1000,72.259
1,100,3,3,12,10,70.889
1,100,3,3,12,100,74.225
1,100,3,3,12,1000,75.084
1,100,3,6,1,10,115.94
1,100,3,6,1,100,110.85
1,100,3,6,1,1000,115.35
1,100,3,6,3,10,78.361
1,100,3,6,3,100,81.517
1,100,3,6,3,1000,79.352
1,100,3,6,6,10,73.666
1,100,3,6,6,100,76.556
1,100,3,6,6,1000,77.118
1,100,3,6,12,10,76.236
1,100,3,6,12,100,70.311
1,100,3,6,12,1000,69.748
1,100,10,1,1,10,109.6
1,100,10,1,1,100,110.38
1,100,10,1,1,1000,116.93
1,100,10,1,3,10,80.154
1,100,10,1,3,100,77.247
1,100,10,1,3,1000,81.861
1,100,10,1,6,10,72.385
1,100,10,1,6,100,73.736
1,100,10,1,6,1000,77.496
1,100,10,1,12,10,66.569
1,100,10,1,12,100,71.367
1,100,10,1,12,1000,67.393
1,100,10,2,1,10,120.24
1,100,10,2,1,100,123.16
1,100,10,2,1,1000,134.91
1,100,10,2,3,10,66.595
1,100,10,2,3,100,67.209
1,100,10,2,3,1000,67.252
1,100,10,2,6,10,61.74
1,100,10,2,6,100,55.058
1,100,10,2,6,1000,60.76
1,100,10,2,12,10,50.19
1,100,10,2,12,100,45.261
1,100,10,2,12,1000,51.913
1,100,10,3,1,10,114.62
1,100,10,3,1,100,111.84
1,100,10,3,1,1000,117.66
1,100,10,3,3,10,78.554
1,100,10,3,3,100,81.377
1,100,10,3,3,1000,81.667
1,100,10,3,6,10,71.633
1,100,10,3,6,100,71.127
1,100,10,3,6,1000,72.388
1,100,10,3,12,10,67.503
1,100,10,3,12,100,67.506
1,100,10,3,12,1000,66.309
1,100,10,6,1,10,103.14
1,100,10,6,1,100,114.96
1,100,10,6,1,1000,108.4
1,100,10,6,3,10,72.553
1,100,10,6,3,100,79.749
1,100,10,6,3,1000,75.397
1,100,10,6,6,10,70.796
1,100,10,6,6,100,73.653
1,100,10,6,6,1000,69.949
1,100,10,6,12,10,60.871
1,100,10,6,12,100,65.319
1,100,10,6,12,1000,68.183
1,100,100,1,1,10,137.15
1,100,100,1,1,100,138.14
1,100,100,1,1,1000,140.3
1,100,100,1,3,10,113.51
1,100,100,1,3,100,113.52
1,100,100,1,3,1000,112.77
1,100,100,1,6,10,116.77
1,100,100,1,6,100,114.22
1,100,100,1,6,1000,112.34
1,100,100,1,12,10,113.05
1,100,100,1,12,100,110.19
1,100,100,1,12,1000,121
1,100,100,2,1,10,129.51
1,100,100,2,1,100,132.73
1,100,100,2,1,1000,131.22
1,100,100,2,3,10,109.86
1,100,100,2,3,100,111.8
1,100,100,2,3,1000,110.72
1,100,100,2,6,10,113.32
1,100,100,2,6,100,109.88
1,100,100,2,6,1000,109.85
1,100,100,2,12,10,111.49
1,100,100,2,12,100,110.51
1,100,100,2,12,1000,113.99
1,100,100,3,1,10,125.66
1,100,100,3,1,100,126.07
1,100,100,3,1,1000,130.16
1,100,100,3,3,10,116.38
1,100,100,3,3,100,114.26
1,100,100,3,3,1000,115.33
1,100,100,3,6,10,115.08
1,100,100,3,6,100,118.61
1,100,100,3,6,1000,112.57
1,100,100,3,12,10,113.05
1,100,100,3,12,100,119.72
1,100,100,3,12,1000,117.66
1,100,100,6,1,10,125.48
1,100,100,6,1,100,127.95
1,100,100,6,1,1000,128.94
1,100,100,6,3,10,118.61
1,100,100,6,3,100,117.4
1,100,100,6,3,1000,120.44
1,100,100,6,6,10,118.43
1,100,100,6,6,100,114.85
1,100,100,6,6,1000,116.83
1,100,100,6,12,10,118.99
1,100,100,6,12,100,120.9
1,100,100,6,12,1000,118.29
1,1000,1,1,1,10,1043.7
1,1000,1,1,1,100,1046.9
1,1000,1,1,1,1000,1105.4
1,1000,1,1,3,10,733.88
1,1000,1,1,3,100,723.56
1,1000,1,1,3,1000,727.19
1,1000,1,1,6,10,689.6
1,1000,1,1,6,100,668.82
1,1000,1,1,6,1000,675.76
1,1000,1,1,12,10,622.82
1,1000,1,1,12,100,660.07
1,1000,1,1,12,1000,679.93
1,1000,1,2,1,10,1277.9
1,1000,1,2,1,100,1236.8
1,1000,1,2,1,1000,1311.4
1,1000,1,2,3,10,725.45
1,1000,1,2,3,100,697.72
1,1000,1,2,3,1000,618.57
1,1000,1,2,6,10,576.86
1,1000,1,2,6,100,667.47
1,1000,1,2,6,1000,539.19
1,1000,1,2,12,10,587.15
1,1000,1,2,12,100,505.82
1,1000,1,2,12,1000,495.61
1,1000,1,3,1,10,1006.6
1,1000,1,3,1,100,1017.5
1,1000,1,3,1,1000,1070.7
1,1000,1,3,3,10,672.56
1,1000,1,3,3,100,634.55
1,1000,1,3,3,1000,657.49
1,1000,1,3,6,10,622.16
1,1000,1,3,6,100,643.52
1,1000,1,3,6,1000,617.14
1,1000,1,3,12,10,655.6
1,1000,1,3,12,100,599.38
1,1000,1,3,12,1000,646.54
1,1000,1,6,1,10,1027.3
1,1000,1,6,1,100,984.73
1,1000,1,6,1,1000,1091
1,1000,1,6,3,10,649.36
1,1000,1,6,3,100,668.17
1,1000,1,6,3,1000,639.89
1,1000,1,6,6,10,576.14
1,1000,1,6,6,100,565.29
1,1000,1,6,6,1000,633.45
1,1000,1,6,12,10,537.7
1,1000,1,6,12,100,550.61
1,1000,1,6,12,1000,506.64
1,1000,2,1,1,10,1011.2
1,1000,2,1,1,100,1095.2
1,1000,2,1,1,1000,1152.4
1,1000,2,1,3,10,735.82
1,1000,2,1,3,100,678.35
1,1000,2,1,3,1000,755.28
1,1000,2,1,6,10,646.97
1,1000,2,1,6,100,664.95
1,1000,2,1,6,1000,688.25
1,1000,2,1,12,10,621.36
1,1000,2,1,12,100,703.09
1,1000,2,1,12,1000,608.04
1,1000,2,2,1,10,1171.9
1,1000,2,2,1,100,1192.6
1,1000,2,2,1,1000,1249.7
1,1000,2,2,3,10,740.25
1,1000,2,2,3,100,671.88
1,1000,2,2,3,1000,693.1
1,1000,2,2,6,10,623.41
1,1000,2,2,6,100,562.76
1,1000,2,2,6,1000,593.68
1,1000,2,2,12,10,518.32
1,1000,2,2,12,100,506.8
1,1000,2,2,12,1000,532.47
1,1000,2,3,1,10,1011.7
1,1000,2,3,1,100,1005.4
1,1000,2,3,1,1000,1138.5
1,1000,2,3,3,10,655.39
1,1000,2,3,3,100,664.83
1,1000,2,3,3,1000,677.76
1,1000,2,3,6,10,658.42
1,1000,2,3,6,100,612.44
1,1000,2,3,6,1000,626.28
1,1000,2,3,12,10,596.66
1,1000,2,3,12,100,557.7
1,1000,2,3,12,1000,601.38
1,1000,2,6,1,10,1076
1,1000,2,6,1,100,982.76
1,1000,2,6,1,1000,1072.3
1,1000,2,6,3,10,674.03
1,1000,2,6,3,100,614.57
1,1000,2,6,3,1000,658.04
1,1000,2,6,6,10,567.78
1,1000,2,6,6,100,662.01
1,1000,2,6,6,1000,495.29
1,1000,2,6,12,10,503.75
1,1000,2,6,12,100,525.11
1,1000,2,6,12,1000,516.54
1,1000,3,1,1,10,1129.7
1,1000,3,1,1,100,987.96
1,1000,3,1,1,1000,994.83
1,1000,3,1,3,10,693.63
1,1000,3,1,3,100,692.87
1,1000,3,1,3,1000,772.29
1,1000,3,1,6,10,645.79
1,1000,3,1,6,100,648.21
1,1000,3,1,6,1000,690.01
1,1000,3,1,12,10,598.67
1,1000,3,1,12,100,651.44
1,1000,3,1,12,1000,599.35
1,1000,3,2,1,10,1146.3
1,1000,3,2,1,100,1168.6
1,1000,3,2,1,1000,1155.7
1,1000,3,2,3,10,751.47
1,1000,3,2,3,100,757.18
1,1000,3,2,3,1000,670.02
1,1000,3,2,6,10,544.72
1,1000,3,2,6,100,646.41
1,1000,3,2,6,1000,573.42
1,1000,3,2,12,10,502.86
1,1000,3,2,12,100,469.32
1,1000,3,2,12,1000,561.37
1,1000,3,3,1,10,989.83
1,1000,3,3,1,100,1120.8
1,1000,3,3,1,1000,972.15
1,1000,3,3,3,10,625.5
1,1000,3,3,3,100,654.63
1,1000,3,3,3,1000,627.11
1,1000,3,3,6,10,602.18
1,1000,3,3,6,100,614.02
1,1000,3,3,6,1000,593.98
1,1000,3,3,12,10,565.14
1,1000,3,3,12,100,588.66
1,1000,3,3,12,1000,591.41
1,1000,3,6,1,10,982.66
1,1000,3,6,1,100,997.47
1,1000,3,6,1,1000,1064.9
1,1000,3,6,3,10,650.79
1,1000,3,6,3,100,585.96
1,1000,3,6,3,1000,600.89
1,1000,3,6,6,10,550.8
1,1000,3,6,6,100,579.64
1,1000,3,6,6,1000,522.26
1,1000,3,6,12,10,555.14
1,1000,3,6,12,100,554.26
1,1000,3,6,12,1000,553.41
1,1000,10,1,1,10,1102
1,1000,10,1,1,100,988.72
1,1000,10,1,1,1000,1074.9
1,1000,10,1,3,10,647.77
1,1000,10,1,3,100,669.19
1,1000,10,1,3,1000,703.65
1,1000,10,1,6,10,679.14
1,1000,10,1,6,100,613.48
1,1000,10,1,6,1000,617.39
1,1000,10,1,12,10,612.78
1,1000,10,1,12,100,601.23
1,1000,10,1,12,1000,555.35
1,1000,10,2,1,10,1109.1
1,1000,10,2,1,100,1090.1
1,1000,10,2,1,1000,1049
1,1000,10,2,3,10,636.19
1,1000,10,2,3,100,735.57
1,1000,10,2,3,1000,707.1
1,1000,10,2,6,10,568.79
1,1000,10,2,6,100,591.05
1,1000,10,2,6,1000,584.09
1,1000,10,2,12,10,574.9
1,1000,10,2,12,100,494.87
1,1000,10,2,12,1000,545.25
1,1000,10,3,1,10,1024.5
1,1000,10,3,1,100,996.58
1,1000,10,3,1,1000,1048.1
1,1000,10,3,3,10,620.6
1,1000,10,3,3,100,665.13
1,1000,10,3,3,1000,661.16
1,1000,10,3,6,10,596.15
1,1000,10,3,6,100,614.8
1,1000,10,3,6,1000,586.16
1,1000,10,3,12,10,572.63
1,1000,10,3,12,100,613.16
1,1000,10,3,12,1000,556.88
1,1000,10,6,1,10,986.55
1,1000,10,6,1,100,1038
1,1000,10,6,1,1000,1001.9
1,1000,10,6,3,10,640.85
1,1000,10,6,3,100,646.56
1,1000,10,6,3,1000,577.01
1,1000,10,6,6,10,571.35
1,1000,10,6,6,100,539.18
1,1000,10,6,6,1000,521.59
1,1000,10,6,12,10,576.58
1,1000,10,6,12,100,487.25
1,1000,10,6,12,1000,509.83
1,1000,100,1,1,10,1039.4
1,1000,100,1,1,100,1072.2
1,1000,100,1,1,1000,953.41
1,1000,100,1,3,10,666.6
1,1000,100,1,3,100,654.24
1,1000,100,1,3,1000,704.63
1,1000,100,1,6,10,681.77
1,1000,100,1,6,100,611.22
1,1000,100,1,6,1000,705.55
1,1000,100,1,12,10,601.56
1,1000,100,1,12,100,583.63
1,1000,100,1,12,1000,624.3
1,1000,100,2,1,10,1099.6
1,1000,100,2,1,100,1130.1
1,1000,100,2,1,1000,1111.3
1,1000,100,2,3,10,671.29
1,1000,100,2,3,100,666.26
1,1000,100,2,3,1000,712.08
1,1000,100,2,6,10,603.18
1,1000,100,2,6,100,562.36
1,1000,100,2,6,1000,589.08
1,1000,100,2,12,10,527.55
1,1000,100,2,12,100,530.12
1,1000,100,2,12,1000,496.04
1,1000,100,3,1,10,943.22
1,1000,100,3,1,100,1040.9
1,1000,100,3,1,1000,905.19
1,1000,100,3,3,10,622.96
1,1000,100,3,3,100,661.72
1,1000,100,3,3,1000,619.64
1,1000,100,3,6,10,582.32
1,1000,100,3,6,100,593.15
1,1000,100,3,6,1000,575.91
1,1000,100,3,12,10,621.46
1,1000,100,3,12,100,590.85
1,1000,100,3,12,1000,581.89
1,1000,100,6,1,10,934.54
1,1000,100,6,1,100,950.42
1,1000,100,6,1,1000,937.36
1,1000,100,6,3,10,629.59
1,1000,100,6,3,100,608.73
1,1000,100,6,3,1000,618.66
1,1000,100,6,6,10,595.7
1,1000,100,6,6,100,604.36
1,1000,100,6,6,1000,524.38
1,1000,100,6,12,10,481.6
1,1000,100,6,12,100,506.55
1,1000,100,6,12,1000,548.48
1,10000,1,1,1,10,19747
1,10000,1,1,1,100,19553
1,10000,1,1,1,1000,19739
1,10000,1,1,3,10,5856.1
1,10000,1,1,3,100,5642.2
1,10000,1,1,3,1000,6237.6
1,10000,1,1,6,10,5008.1
1,10000,1,1,6,100,4993.6
1,10000,1,1,6,1000,5223.5
1,10000,1,1,12,10,4862
1,10000,1,1,12,100,7899.1
1,10000,1,1,12,1000,6112.7
1,10000,1,2,1,10,24847
1,10000,1,2,1,100,24971
1,10000,1,2,1,1000,24836
1,10000,1,2,3,10,10031
1,10000,1,2,3,100,10803
1,10000,1,2,3,1000,11463
1,10000,1,2,6,10,4050.5
1,10000,1,2,6,100,3708
1,10000,1,2,6,1000,4887.5
1,10000,1,2,12,10,6635.5
1,10000,1,2,12,100,3682.6
1,10000,1,2,12,1000,5435.4
1,10000,1,3,1,10,17309
1,10000,1,3,1,100,17216
1,10000,1,3,1,1000,17029
1,10000,1,3,3,10,5623.9
1,10000,1,3,3,100,6438.3
1,10000,1,3,3,1000,5655.3
1,10000,1,3,6,10,5766.1
1,10000,1,3,6,100,6449.8
1,10000,1,3,6,1000,5884.8
1,10000,1,3,12,10,5433.5
1,10000,1,3,12,100,5539.5
1,10000,1,3,12,1000,4942.6
1,10000,1,6,1,10,15858
1,10000,1,6,1,100,15578
1,10000,1,6,1,1000,15657
1,10000,1,6,3,10,4164.3
1,10000,1,6,3,100,4411.7
1,10000,1,6,3,1000,4471.8
1,10000,1,6,6,10,3693.2
1,10000,1,6,6,100,3178.4
1,10000,1,6,6,1000,3223.9
1,10000,1,6,12,10,3364.2
1,10000,1,6,12,100,3766.1
1,10000,1,6,12,1000,3217.9
1,10000,2,1,1,10,20451
1,10000,2,1,1,100,21263
1,10000,2,1,1,1000,20379
1,10000,2,1,3,10,6119.1
1,10000,2,1,3,100,6786.4
1,10000,2,1,3,1000,6232.7
1,10000,2,1,6,10,6802.9
1,10000,2,1,6,100,5669.4
1,10000,2,1,6,1000,5784
1,10000,2,1,12,10,5184.9
1,10000,2,1,12,100,5102.5
1,10000,2,1,12,1000,5618.9
1,10000,2,2,1,10,24713
1,10000,2,2,1,100,25828
1,10000,2,2,1,1000,23676
1,10000,2,2,3,10,9212.4
1,10000,2,2,3,100,9773.1
1,10000,2,2,3,1000,10884
1,10000,2,2,6,10,5677.1
1,10000,2,2,6,100,5115.1
1,10000,2,2,6,1000,3834
1,10000,2,2,12,10,5257.6
1,10000,2,2,12,100,4220
1,10000,2,2,12,1000,6924.2
1,10000,2,3,1,10,17336
1,10000,2,3,1,100,17058
1,10000,2,3,1,1000,16291
1,10000,2,3,3,10,5680.3
1,10000,2,3,3,100,5270
1,10000,2,3,3,1000,5804.5
1,10000,2,3,6,10,5350.4
1,10000,2,3,6,100,5860.4
1,10000,2,3,6,1000,6067.6
1,10000,2,3,12,10,5648.8
1,10000,2,3,12,100,6215.9
1,10000,2,3,12,1000,5420.4
1,10000,2,6,1,10,14943
1,10000,2,6,1,100,15524
1,10000,2,6,1,1000,21255
1,10000,2,6,3,10,4338
1,10000,2,6,3,100,3622.2
1,10000,2,6,3,1000,4129.4
1,10000,2,6,6,10,3672.4
1,10000,2,6,6,100,3530.9
1,10000,2,6,6,1000,3257.9
1,10000,2,6,12,10,3584.8
1,10000,2,6,12,100,4340.8
1,10000,2,6,12,1000,3536.9
1,10000,3,1,1,10,23852
1,10000,3,1,1,100,19620
1,10000,3,1,1,1000,22289
1,10000,3,1,3,10,5949.1
1,10000,3,1,3,100,7300
1,10000,3,1,3,1000,5035.3
1,10000,3,1,6,10,4794
1,10000,3,1,6,100,5131.8
1,10000,3,1,6,1000,6111.8
1,10000,3,1,12,10,6781.8
1,10000,3,1,12,100,4775.4
1,10000,3,1,12,1000,6080.4
1,10000,3,2,1,10,23264
1,10000,3,2,1,100,24345
1,10000,3,2,1,1000,26230
1,10000,3,2,3,10,12779
1,10000,3,2,3,100,8880.4
1,10000,3,2,3,1000,8636
1,10000,3,2,6,10,5047.4
1,10000,3,2,6,100,3444.5
1,10000,3,2,6,1000,3937.3
1,10000,3,2,12,10,5601.9
1,10000,3,2,12,100,2741.5
1,10000,3,2,12,1000,2827.5
1,10000,3,3,1,10,16640
1,10000,3,3,1,100,16551
1,10000,3,3,1,1000,16817
1,10000,3,3,3,10,5584.1
1,10000,3,3,3,100,5726.2
1,10000,3,3,3,1000,5314
1,10000,3,3,6,10,5589.1
1,10000,3,3,6,100,5417.1
1,10000,3,3,6,1000,6182.3
1,10000,3,3,12,10,5022.5
1,10000,3,3,12,100,4769.2
1,10000,3,3,12,1000,5013.2
1,10000,3,6,1,10,14997
1,10000,3,6,1,100,15130
1,10000,3,6,1,1000,14717
1,10000,3,6,3,10,4382.1
1,10000,3,6,3,100,3900.3
1,10000,3,6,3,1000,3838.8
1,10000,3,6,6,10,3396.2
1,10000,3,6,6,100,3404.7
1,10000,3,6,6,1000,3390.3
1,10000,3,6,12,10,3479.9
1,10000,3,6,12,100,3675.2
1,10000,3,6,12,1000,3510
1,10000,10,1,1,10,19083
1,10000,10,1,1,100,20498
1,10000,10,1,1,1000,20394
1,10000,10,1,3,10,5030.1
1,10000,10,1,3,100,4775.2
1,10000,10,1,3,1000,5242.7
1,10000,10,1,6,10,4834.8
1,10000,10,1,6,100,4444.7
1,10000,10,1,6,1000,4919.3
1,10000,10,1,12,10,4360.7
1,10000,10,1,12,100,4134
1,10000,10,1,12,1000,4686.1
1,10000,10,2,1,10,25448
1,10000,10,2,1,100,23569
1,10000,10,2,1,1000,22830
1,10000,10,2,3,10,8761.9
1,10000,10,2,3,100,10940
1,10000,10,2,3,1000,8707.6
1,10000,10,2,6,10,4593.9
1,10000,10,2,6,100,3580.1
1,10000,10,2,6,1000,5417.8
1,10000,10,2,12,10,5073.8
1,10000,10,2,12,100,3656.1
1,10000,10,2,12,1000,3231.1
1,10000,10,3,1,10,16018
1,10000,10,3,1,100,16304
1,10000,10,3,1,1000,16436
1,10000,10,3,3,10,5743
1,10000,10,3,3,100,4942.5
1,10000,10,3,3,1000,4887.6
1,10000,10,3,6,10,4969.2
1,10000,10,3,6,100,5655.2
1,10000,10,3,6,1000,5063.9
1,10000,10,3,12,10,6001.4
1,10000,10,3,12,100,4676.6
1,10000,10,3,12,1000,5667.5
1,10000,10,6,1,10,15050
1,10000,10,6,1,100,13983
1,10000,10,6,1,1000,14703
1,10000,10,6,3,10,4014.8
1,10000,10,6,3,100,3958.4
1,10000,10,6,3,1000,4037.7
1,10000,10,6,6,10,3289.8
1,10000,10,6,6,100,3436.7
1,10000,10,6,6,1000,3343.3
1,10000,10,6,12,10,3265.8
1,10000,10,6,12,100,3176.2
1,10000,10,6,12,1000,3638.5
1,10000,100,1,1,10,19558
1,10000,100,1,1,100,18569
1,10000,100,1,1,1000,21035
1,10000,100,1,3,10,5185.3
1,10000,100,1,3,100,4899.1
1,10000,100,1,3,1000,4845.5
1,10000,100,1,6,10,5164
1,10000,100,1,6,100,4766.5
1,10000,100,1,6,1000,4824.1
1,10000,100,1,12,10,4091.9
1,10000,100,1,12,100,4522.4
1,10000,100,1,12,1000,4629.7
1,10000,100,2,1,10,21780
1,10000,100,2,1,100,22977
1,10000,100,2,1,1000,22250
1,10000,100,2,3,10,6104.1
1,10000,100,2,3,100,7672.7
1,10000,100,2,3,1000,8090.6
1,10000,100,2,6,10,2843.5
1,10000,100,2,6,100,3326.7
1,10000,100,2,6,1000,3136.8
1,10000,100,2,12,10,2575
1,10000,100,2,12,100,2772.1
1,10000,100,2,12,1000,3448.8
1,10000,100,3,1,10,21247
1,10000,100,3,1,100,16456
1,10000,100,3,1,1000,21005
1,10000,100,3,3,10,5758.4
1,10000,100,3,3,100,5262.8
1,10000,100,3,3,1000,5054
1,10000,100,3,6,10,5080.3
1,10000,100,3,6,100,4895.7
1,10000,100,3,6,1000,5789.3
1,10000,100,3,12,10,6398.1
1,10000,100,3,12,100,5616.6
1,10000,100,3,12,1000,5484.8
1,10000,100,6,1,10,12257
1,10000,100,6,1,100,13031
1,10000,100,6,1,1000,11095
1,10000,100,6,3,10,3557.7
1,10000,100,6,3,100,3437.7
1,10000,100,6,3,1000,4154.3
1,10000,100,6,6,10,3932.5
1,10000,100,6,6,100,3484.9
1,10000,100,6,6,1000,3079.1
1,10000,100,6,12,10,3362.6
1,10000,100,6,12,100,3805.5
1,10000,100,6,12,1000,3600.4
3,1,1,1,1,10,5.4148
3,1,1,1,1,100,7.2331
3,1,1,1,1,1000,7.71
3,1,1,1,3,10,4.9987
3,1,1,1,3,100,5.1038
3,1,1,1,3,1000,5.0414
3,1,1,1,6,10,5.2636
3,1,1,1,6,100,5.4057
3,1,1,1,6,1000,5.2244
3,1,1,1,12,10,5.309
3,1,1,1,12,100,5.5404
3,1,1,1,12,1000,5.4039
3,1,1,2,1,10,4.9199
3,1,1,2,1,100,4.7191
3,1,1,2,1,1000,4.8937
3,1,1,2,3,10,4.8038
3,1,1,2,3,100,4.8682
3,1,1,2,3,1000,4.7764
3,1,1,2,6,10,4.9516
3,1,1,2,6,100,4.9414
3,1,1,2,6,1000,4.9821
3,1,1,2,12,10,4.9748
3,1,1,2,12,100,5.0148
3,1,1,2,12,1000,4.9641
3,1,1,3,1,10,4.2071
3,1,1,3,1,100,4.1567
3,1,1,3,1,1000,4.3038
3,1,1,3,3,10,4.1551
3,1,1,3,3,100,4.0717
3,1,1,3,3,1000,4.2692
3,1,1,3,6,10,4.5288
3,1,1,3,6,100,4.4154
3,1,1,3,6,1000,4.5469
3,1,1,3,12,10,4.4697
3,1,1,3,12,100,4.4846
3,1,1,3,12,1000,4.4296
3,1,1,6,1,10,4.2617
3,1,1,6,1,100,4.3301
3,1,1,6,1,1000,5.6832
3,1,1,6,3,10,4.3121
3,1,1,6,3,100,4.1577
3,1,1,6,3,1000,4.3409
3,1,1,6,6,10,4.4675
3,1,1,6,6,100,4.6191
3,1,1,6,6,1000,4.4677
3,1,1,6,12,10,4.5494
3,1,1,6,12,100,4.4242
3,1,1,6,12,1000,4.674
3,1,2,1,1,10,5.5565
3,1,2,1,1,100,5.6191
3,1,2,1,1,1000,5.7238
3,1,2,1,3,10,5.5897
3,1,2,1,3,100,5.6365
3,1,2,1,3,1000,5.669
3,1,2,1,6,10,5.5673
3,1,2,1,6,100,5.6468
3,1,2,1,6,1000,5.6573
3,1,2,1,12,10,5.8474
3,1,2,1,12,100,5.8396
3,1,2,1,12,1000,5.834
3,1,2,2,1,10,5.1589
3,1,2,2,1,100,5.2943
3,1,2,2,1,1000,5.4987
3,1,2,2,3,10,6.9981
3,1,2,2,3,100,5.5866
3,1,2,2,3,1000,5.1739
3,1,2,2,6,10,5.3879
3,1,2,2,6,100,5.4165
3,1,2,2,6,1000,7.5855
3,1,2,2,12,10,5.4484
3,1,2,2,12,100,5.3884
3,1,2,2,12,1000,5.493
3,1,2,3,1,10,4.6893
3,1,2,3,1,100,5.0025
3,1,2,3,1,1000,4.6619
3,1,2,3,3,10,4.8335
3,1,2,3,3,100,4.7523
3,1,2,3,3,1000,4.8604
3,1,2,3,6,10,4.8766
3,1,2,3,6,100,4.7603
3,1,2,3,6,1000,4.8295
3,1,2,3,12,10,5.0359
3,1,2,3,12,100,4.9911
3,1,2,3,12,1000,4.9916
3,1,2,6,1,10,4.6863
3,1,2,6,1,100,4.7662
3,1,2,6,1,1000,4.7194
3,1,2,6,3,10,4.8803
3,1,2,6,3,100,4.7823
3,1,2,6,3,1000,4.8199
3,1,2,6,6,10,4.9153
3,1,2,6,6,100,4.8592
3,1,2,6,6,1000,5.0136
3,1,2,6,12,10,5.1089
3,1,2,6,12,100,4.9244
3,1,2,6,12,1000,4.9803
3,1,3,1,1,10,6.1373
3,1,3,1,1,100,6.2231
3,1,3,1,1,1000,6.2969
3,1,3,1,3,10,6.2961
3,1,3,1,3,100,6.1899
3,1,3,1,3,1000,6.1766
3,1,3,1,6,10,6.2605
3,1,3,1,6,100,6.2729
3,1,3,1,6,1000,6.3936
3,1,3,1,12,10,6.4503
3,1,3,1,12,100,6.5791
3,1,3,1,12,1000,6.4333
3,1,3,2,1,10,5.7801
3,1,3,2,1,100,5.8861
3,1,3,2,1,1000,5.6064
3,1,3,2,3,10,5.7763
3,1,3,2,3,100,5.6516
3,1,3,2,3,1000,5.7084
3,1,3,2,6,10,5.926
3,1,3,2,6,100,5.9182
3,1,3,2,6,1000,5.9734
3,1,3,2,12,10,6.0266
3,1,3,2,12,100,5.8535
3,1,3,2,12,1000,5.8606
3,1,3,3,1,10,5.0852
3,1,3,3,1,100,5.1266
3,1,3,3,1,1000,5.1297
3,1,3,3,3,10,5.2855
3,1,3,3,3,100,5.2981
3,1,3,3,3,1000,5.1899
3,1,3,3,6,10,5.2786
3,1,3,3,6,100,5.4104
3,1,3,3,6,1000,5.3729
3,1,3,3,12,10,5.4968
3,1,3,3,12,100,5.5381
3,1,3,3,12,1000,7.4877
3,1,3,6,1,10,5.1567
3,1,3,6,1,100,5.1373
3,1,3,6,1,1000,5.2794
3,1,3,6,3,10,5.372
3,1,3,6,3,100,5.3665
3,1,3,6,3,1000,5.4151
3,1,3,6,6,10,5.3568
3,1,3,6,6,100,5.5506
3,1,3,6,6,1000,5.4555
3,1,3,6,12,10,5.498
3,1,3,6,12,100,5.4658
3,1,3,6,12,1000,5.4474
3,1,10,1,1,10,11.438
3,1,10,1,1,100,11.137
3,1,10,1,1,1000,11.165
3,1,10,1,3,10,10.756
3,1,10,1,3,100,11.099
3,1,10,1,3,1000,10.766
3,1,10,1,6,10,10.763
3,1,10,1,6,100,10.826
3,1,10,1,6,1000,10.754
3,1,10,1,12,10,10.864
3,1,10,1,12,100,10.761
3,1,10,1,12,1000,10.982
3,1,10,2,1,10,11.098
3,1,10,2,1,100,10.923
3,1,10,2,1,1000,11.111
3,1,10,2,3,10,10.687
3,1,10,2,3,100,10.639
3,1,10,2,3,1000,10.619
3,1,10,2,6,10,10.687
3,1,10,2,6,100,10.643
3,1,10,2,6,1000,10.727
3,1,10,2,12,10,10.568
3,1,10,2,12,100,10.699
3,1,10,2,12,1000,10.705
3,1,10,3,1,10,10.974
3,1,10,3,1,100,11.396
3,1,10,3,1,1000,10.869
3,1,10,3,3,10,10.522
3,1,10,3,3,100,10.533
3,1,10,3,3,1000,10.601
3,1,10,3,6,10,10.659
3,1,10,3,6,100,10.869
3,1,10,3,6,1000,10.636
3,1,10,3,12,10,10.813
3,1,10,3,12,100,10.615
3,1,10,3,12,1000,10.622
3,1,10,6,1,10,10.901
3,1,10,6,1,100,10.848
3,1,10,6,1,1000,10.876
3,1,10,6,3,10,10.655
3,1,10,6,3,100,10.55
3,1,10,6,3,1000,10.608
3,1,10,6,6,10,10.566
3,1,10,6,6,100,10.634
3,1,10,6,6,1000,10.571
3,1,10,6,12,10,10.576
3,1,10,6,12,100,10.681
3,1,10,6,12,1000,10.58
3,1,100,1,1,10,100.4
3,1,100,1,1,100,100.35
3,1,100,1,1,1000,100.4
3,1,100,1,3,10,100.44
3,1,100,1,3,100,100.74
3,1,100,1,3,1000,100.4
3,1,100,1,6,10,100.41
3,1,100,1,6,100,100.36
3,1,100,1,6,1000,100.74
3,1,100,1,12,10,100.4
3,1,100,1,12,100,100.4
3,1,100,1,12,1000,134.78
3,1,100,2,1,10,100.36
3,1,100,2,1,100,100.4
3,1,100,2,1,1000,100.35
3,1,100,2,3,10,99.994
3,1,100,2,3,100,100.31
3,1,100,2,3,1000,100.3
3,1,100,2,6,10,100.42
3,1,100,2,6,100,100.31
3,1,100,2,6,1000,100.87
3,1,100,2,12,10,100.3
3,1,100,2,12,100,100.31
3,1,100,2,12,1000,100.4
3,1,100,3,1,10,100.31
3,1,100,3,1,100,100.76
3,1,100,3,1,1000,100.44
3,1,100,3,3,10,100.4
3,1,100,3,3,100,100.38
3,1,100,3,3,1000,100.35
3,1,100,3,6,10,100.85
3,1,100,3,6,100,100.55
3,1,100,3,6,1000,100.4
3,1,100,3,12,10,100.35
3,1,100,3,12,100,103.33
3,1,100,3,12,1000,100.75
3,1,100,6,1,10,100.4
3,1,100,6,1,100,100.4
3,1,100,6,1,1000,100.8
3,1,100,6,3,10,102.9
3,1,100,6,3,100,100.43
3,1,100,6,3,1000,100.38
3,1,100,6,6,10,100.4
3,1,100,6,6,100,100.4
3,1,100,6,6,1000,100.41
3,1,100,6,12,10,100.32
3,1,100,6,12,100,100.86
3,1,100,6,12,1000,100.35
3,2,1,1,1,10,7.8849
3,2,1,1,1,100,9.4442
3,2,1,1,1,1000,10.218
3,2,1,1,3,10,8.1706
3,2,1,1,3,100,7.0491
3,2,1,1,3,1000,8.3435
3,2,1,1,6,10,7.3474
3,2,1,1,6,100,6.9732
3,2,1,1,6,1000,7.0587
3,2,1,1,12,10,7.5369
3,2,1,1,12,100,7.8253
3,2,1,1,12,1000,7.4323
3,2,1,2,1,10,7.2082
3,2,1,2,1,100,6.9346
3,2,1,2,1,1000,6.9256
3,2,1,2,3,10,6.9166
3,2,1,2,3,100,6.643
3,2,1,2,3,1000,6.665
3,2,1,2,6,10,7.1776
3,2,1,2,6,100,7.0372
3,2,1,2,6,1000,7.3745
3,2,1,2,12,10,7.4949
3,2,1,2,12,100,7.1084
3,2,1,2,12,1000,7.2758
3,2,1,3,1,10,6.2538
3,2,1,3,1,100,5.9394
3,2,1,3,1,1000,6.2557
3,2,1,3,3,10,5.8378
3,2,1,3,3,100,6.2196
3,2,1,3,3,1000,5.9359
3,2,1,3,6,10,7.5768
3,2,1,3,6,100,6.6561
3,2,1,3,6,1000,6.5873
3,2,1,3,12,10,6.4838
3,2,1,3,12,100,6.4506
3,2,1,3,12,1000,6.651
3,2,1,6,1,10,6.3955
3,2,1,6,1,100,6.3785
3,2,1,6,1,1000,6.4019
3,2,1,6,3,10,6.0287
3,2,1,6,3,100,5.9478
3,2,1,6,3,1000,5.9745
3,2,1,6,6,10,8.0189
3,2,1,6,6,100,6.2878
3,2,1,6,6,1000,6.5994
3,2,1,6,12,10,6.7162
3,2,1,6,12,100,6.5297
3,2,1,6,12,1000,8.519
3,2,2,1,1,10,7.8616
3,2,2,1,1,100,8.2988
3,2,2,1,1,1000,8.5994
3,2,2,1,3,10,7.2063
3,2,2,1,3,100,7.1191
3,2,2,1,3,1000,6.8013
3,2,2,1,6,10,7.2244
3,2,2,1,6,100,8.3594
3,2,2,1,6,1000,7.127
3,2,2,1,12,10,7.5077
3,2,2,1,12,100,7.4769
3,2,2,1,12,1000,9.2127
3,2,2,2,1,10,7.3369
3,2,2,2,1,100,7.0354
3,2,2,2,1,1000,7.1296
3,2,2,2,3,10,6.709
3,2,2,2,3,100,6.6824
3,2,2,2,3,1000,6.7809
3,2,2,2,6,10,7.0113
3,2,2,2,6,100,8.4791
3,2,2,2,6,1000,7.1955
3,2,2,2,12,10,7.1437
3,2,2,2,12,100,7.421
3,2,2,2,12,1000,8.781
3,2,2,3,1,10,6.4866
3,2,2,3,1,100,6.5872
3,2,2,3,1,1000,6.4614
3,2,2,3,3,10,5.9437
3,2,2,3,3,100,6.1076
3,2,2,3,3,1000,6.1271
3,2,2,3,6,10,6.5096
3,2,2,3,6,100,6.3791
3,2,2,3,6,1000,6.527
3,2,2,3,12,10,6.8601
3,2,2,3,12,100,6.5013
3,2,2,3,12,1000,7.1114
3,2,2,6,1,10,6.5732
3,2,2,6,1,100,6.717
3,2,2,6,1,1000,6.6367
3,2,2,6,3,10,6.1893
3,2,2,6,3,100,6.0268
3,2,2,6,3,1000,6.1179
3,2,2,6,6,10,6.5038
3,2,2,6,6,100,6.6981
3,2,2,6,6,1000,7.6609
3,2,2,6,12,10,6.6878
3,2,2,6,12,100,6.5884
3,2,2,6,12,1000,6.8026
3,2,3,1,1,10,8.3107
3,2,3,1,1,100,8.4381
3,2,3,1,1,1000,8.5637
3,2,3,1,3,10,7.4255
3,2,3,1,3,100,7.2392
3,2,3,1,3,1000,8.6548
3,2,3,1,6,10,7.65
3,2,3,1,6,100,7.5625
3,2,3,1,6,1000,7.7424
3,2,3,1,12,10,7.5935
3,2,3,1,12,100,7.7584
3,2,3,1,12,1000,7.9854
3,2,3,2,1,10,7.4675
3,2,3,2,1,100,7.7424
3,2,3,2,1,1000,7.7419
3,2,3,2,3,10,7.2647
3,2,3,2,3,100,6.9497
3,2,3,2,3,1000,6.9468
3,2,3,2,6,10,7.4981
3,2,3,2,6,100,7.1394
3,2,3,2,6,1000,7.1731
3,2,3,2,12,10,7.5076
3,2,3,2,12,100,7.4968
3,2,3,2,12,1000,7.65
3,2,3,3,1,10,6.7808
3,2,3,3,1,100,6.7994
3,2,3,3,1,1000,6.5686
3,2,3,3,3,10,6.3656
3,2,3,3,3,100,6.2167
3,2,3,3,3,1000,6.3083
3,2,3,3,6,10,7.1684
3,2,3,3,6,100,6.6071
3,2,3,3,6,1000,6.8108
3,2,3,3,12,10,8.2494
3,2,3,3,12,100,7.086
3,2,3,3,12,1000,7.3353
3,2,3,6,1,10,7.1537
3,2,3,6,1,100,6.7917
3,2,3,6,1,1000,7.15
3,2,3,6,3,10,6.4182
3,2,3,6,3,100,6.3325
3,2,3,6,3,1000,6.5071
3,2,3,6,6,10,6.8908
3,2,3,6,6,100,6.9804
3,2,3,6,6,1000,9.407
3,2,3,6,12,10,7.1667
3,2,3,6,12,100,7.1535
3,2,3,6,12,1000,7.1109
3,2,10,1,1,10,12.116
3,2,10,1,1,100,14.373
3,2,10,1,1,1000,12.297
3,2,10,1,3,10,11.624
3,2,10,1,3,100,11.627
3,2,10,1,3,1000,11.264
3,2,10,1,6,10,11.35
3,2,10,1,6,100,11.285
3,2,10,1,6,1000,11.404
3,2,10,1,12,10,11.581
3,2,10,1,12,100,11.628
3,2,10,1,12,1000,11.529
3,2,10,2,1,10,11.825
3,2,10,2,1,100,11.941
3,2,10,2,1,1000,11.787
3,2,10,2,3,10,11.008
3,2,10,2,3,100,11.108
3,2,10,2,3,1000,11.161
3,2,10,2,6,10,11.062
3,2,10,2,6,100,11.093
3,2,10,2,6,1000,11.055
3,2,10,2,12,10,12.962
3,2,10,2,12,100,11.169
3,2,10,2,12,1000,11.184
3,2,10,3,1,10,11.765
3,2,10,3,1,100,11.847
3,2,10,3,1,1000,11.801
3,2,10,3,3,10,11.066
3,2,10,3,3,100,10.865
3,2,10,3,3,1000,13.026
3,2,10,3,6,10,10.943
3,2,10,3,6,100,10.959
3,2,10,3,6,1000,12.597
3,2,10,3,12,10,10.891
3,2,10,3,12,100,10.961
3,2,10,3,12,1000,11.088
3,2,10,6,1,10,11.794
3,2,10,6,1,100,11.829
3,2,10,6,1,1000,12.01
3,2,10,6,3,10,11.008
3,2,10,6,3,100,10.919
3,2,10,6,3,1000,10.989
3,2,10,6,6,10,10.946
3,2,10,6,6,100,11.047
3,2,10,6,6,1000,10.929
3,2,10,6,12,10,11.159
3,2,10,6,12,100,10.927
3,2,10,6,12,1000,10.89
3,2,100,1,1,10,100.49
3,2,100,1,1,100,100.63
3,2,100,1,1,1000,100.4
3,2,100,1,3,10,100.33
3,2,100,1,3,100,133.52
3,2,100,1,3,1000,100.57
3,2,100,1,6,10,100.98
3,2,100,1,6,100,119.03
3,2,100,1,6,1000,100.65
3,2,100,1,12,10,100.4
3,2,100,1,12,100,100.4
3,2,100,1,12,1000,100.28
3,2,100,2,1,10,101.03
3,2,100,2,1,100,118.87
3,2,100,2,1,1000,100.27
3,2,100,2,3,10,100.41
3,2,100,2,3,100,101.41
3,2,100,2,3,1000,100.64
3,2,100,2,6,10,100.6
3,2,100,2,6,100,100.29
3,2,100,2,6,1000,101.25
3,2,100,2,12,10,100.4
3,2,100,2,12,100,101.56
3,2,100,2,12,1000,100.63
3,2,100,3,1,10,100.67
3,2,100,3,1,100,117.8
3,2,100,3,1,1000,115.08
3,2,100,3,3,10,100.09
3,2,100,3,3,100,118.94
3,2,100,3,3,1000,100.47
3,2,100,3,6,10,100.46
3,2,100,3,6,100,101.42
3,2,100,3,6,1000,100.27
3,2,100,3,12,10,100.4
3,2,100,3,12,100,99.995
3,2,100,3,12,1000,100.72
3,2,100,6,1,10,100.65
3,2,100,6,1,100,119.85
3,2,100,6,1,1000,100.43
3,2,100,6,3,10,100.14
3,2,100,6,3,100,100.95
3,2,100,6,3,1000,100.43
3,2,100,6,6,10,101.23
3,2,100,6,6,100,100.67
3,2,100,6,6,1000,100.45
3,2,100,6,12,10,100.5
3,2,100,6,12,100,100.41
3,2,100,6,12,1000,100.48
3,10,1,1,1,10,41.488
3,10,1,1,1,100,42.027
3,10,1,1,1,1000,43.943
3,10,1,1,3,10,25.39
3,10,1,1,3,100,25.986
3,10,1,1,3,1000,26.631
3,10,1,1,6,10,22.395
3,10,1,1,6,100,23.232
3,10,1,1,6,1000,23.557
3,10,1,1,12,10,24.517
3,10,1,1,12,100,25.283
3,10,1,1,12,1000,23.974
3,10,1,2,1,10,34.322
3,10,1,2,1,100,40.996
3,10,1,2,1,1000,37.609
3,10,1,2,3,10,23.759
3,10,1,2,3,100,24.363
3,10,1,2,3,1000,23.766
3,10,1,2,6,10,22.873
3,10,1,2,6,100,22.12
3,10,1,2,6,1000,23.721
3,10,1,2,12,10,23.266
3,10,1,2,12,100,21.372
3,10,1,2,12,1000,24.173
3,10,1,3,1,10,36.016
3,10,1,3,1,100,36.228
3,10,1,3,1,1000,37.557
3,10,1,3,3,10,20.501
3,10,1,3,3,100,19.806
3,10,1,3,3,1000,20.179
3,10,1,3,6,10,20.145
3,10,1,3,6,100,20.42
3,10,1,3,6,1000,20.229
3,10,1,3,12,10,20.736
3,10,1,3,12,100,19.128
3,10,1,3,12,1000,20.054
3,10,1,6,1,10,34.976
3,10,1,6,1,100,38.992
3,10,1,6,1,1000,37.518
3,10,1,6,3,10,22.838
3,10,1,6,3,100,20.473
3,10,1,6,3,1000,22.212
3,10,1,6,6,10,20.43
3,10,1,6,6,100,19.786
3,10,1,6,6,1000,19.776
3,10,1,6,12,10,20.267
3,10,1,6,12,100,20.807
3,10,1,6,12,1000,21.604
3,10,2,1,1,10,39.798
3,10,2,1,1,100,40.239
3,10,2,1,1,1000,39.956
3,10,2,1,3,10,24.878
3,10,2,1,3,100,24.934
3,10,2,1,3,1000,26.022
3,10,2,1,6,10,22.07
3,10,2,1,6,100,22.503
3,10,2,1,6,1000,21.69
3,10,2,1,12,10,22.832
3,10,2,1,12,100,24.297
3,10,2,1,12,1000,22.717
3,10,2,2,1,10,35.342
3,10,2,2,1,100,35.582
3,10,2,2,1,1000,37.332
3,10,2,2,3,10,22.956
3,10,2,2,3,100,22.912
3,10,2,2,3,1000,22.017
3,10,2,2,6,10,21.754
3,10,2,2,6,100,20.461
3,10,2,2,6,1000,21.209
3,10,2,2,12,10,24.31
3,10,2,2,12,100,22.869
3,10,2,2,12,1000,22.406
3,10,2,3,1,10,33.463
3,10,2,3,1,100,34.41
3,10,2,3,1,1000,36.842
3,10,2,3,3,10,18.992
3,10,2,3,3,100,18.105
3,10,2,3,3,1000,19.238
3,10,2,3,6,10,18.567
3,10,2,3,6,100,17.469
3,10,2,3,6,1000,18.287
3,10,2,3,12,10,19.528
3,10,2,3,12,100,19.298
3,10,2,3,12,1000,20.218
3,10,2,6,1,10,33.941
3,10,2,6,1,100,35.303
3,10,2,6,1,1000,35.604
3,10,2,6,3,10,20.369
3,10,2,6,3,100,19.908
3,10,2,6,3,1000,19.206
3,10,2,6,6,10,18.569
3,10,2,6,6,100,17.572
3,10,2,6,6,1000,18.623
3,10,2,6,12,10,19.775
3,10,2,6,12,100,19.122
3,10,2,6,12,1000,18.599
3,10,3,1,1,10,39.496
3,10,3,1,1,100,38.603
3,10,3,1,1,1000,40.327
3,10,3,1,3,10,23.201
3,10,3,1,3,100,24.684
3,10,3,1,3,1000,24.294
3,10,3,1,6,10,22.416
3,10,3,1,6,100,21.048
3,10,3,1,6,1000,21.262
3,10,3,1,12,10,24.151
3,10,3,1,12,100,23.241
3,10,3,1,12,1000,21.979
3,10,3,2,1,10,33.768
3,10,3,2,1,100,36.105
3,10,3,2,1,1000,35.899
3,10,3,2,3,10,23.157
3,10,3,2,3,100,20.41
3,10,3,2,3,1000,21.404
3,10,3,2,6,10,19.923
3,10,3,2,6,100,20.344
3,10,3,2,6,1000,20.022
3,10,3,2,12,10,21.799
3,10,3,2,12,100,21.781
3,10,3,2,12,1000,20.663
3,10,3,3,1,10,32.304
3,10,3,3,1,100,31.661
3,10,3,3,1,1000,32.992
3,10,3,3,3,10,19.573
3,10,3,3,3,100,17.665
3,10,3,3,3,1000,18.077
3,10,3,3,6,10,18.181
3,10,3,3,6,100,18.797
3,10,3,3,6,1000,18.542
3,10,3,3,12,10,17.336
3,10,3,3,12,100,19.95
3,10,3,3,12,1000,20.634
3,10,3,6,1,10,31.51
3,10,3,6,1,100,32.317
3,10,3,6,1,1000,32.966
3,10,3,6,3,10,20.246
3,10,3,6,3,100,19.744
3,10,3,6,3,1000,19.184
3,10,3,6,6,10,17.841
3,10,3,6,6,100,17.844
3,10,3,6,6,1000,17.954
3,10,3,6,12,10,18.043
3,10,3,6,12,100,18.875
3,10,3,6,12,1000,19.064
3,10,10,1,1,10,34.592
3,10,10,1,1,100,35.645
3,10,10,1,1,1000,38.229
3,10,10,1,3,10,25.584
3,10,10,1,3,100,23.86
3,10,10,1,3,1000,23.717
3,10,10,1,6,10,21.385
3,10,10,1,6,100,21.348
3,10,10,1,6,1000,21.381
3,10,10,1,12,10,22.543
3,10,10,1,12,100,21.79
3,10,10,1,12,1000,23.094
3,10,10,2,1,10,33.888
3,10,10,2,1,100,32.764
3,10,10,2,1,1000,34.986
3,10,10,2,3,10,19.291
3,10,10,2,3,100,19.485
3,10,10,2,3,1000,19.345
3,10,10,2,6,10,18.884
3,10,10,2,6,100,19.657
3,10,10,2,6,1000,19.558
3,10,10,2,12,10,19.378
3,10,10,2,12,100,19.56
3,10,10,2,12,1000,21.096
3,10,10,3,1,10,32.113
3,10,10,3,1,100,31.251
3,10,10,3,1,1000,34.406
3,10,10,3,3,10,18.486
3,10,10,3,3,100,19.298
3,10,10,3,3,1000,20.115
3,10,10,3,6,10,18.063
3,10,10,3,6,100,17.553
3,10,10,3,6,1000,19.997
3,10,10,3,12,10,19.471
3,10,10,3,12,100,20.742
3,10,10,3,12,1000,19.262
3,10,10,6,1,10,30.223
3,10,10,6,1,100,29.851
3,10,10,6,1,1000,31.346
3,10,10,6,3,10,19.558
3,10,10,6,3,100,19.046
3,10,10,6,3,1000,19.721
3,10,10,6,6,10,18.601
3,10,10,6,6,100,18.473
3,10,10,6,6,1000,19.031
3,10,10,6,12,10,19.901
3,10,10,6,12,100,18.654
3,10,10,6,12,1000,20.045
3,10,100,1,1,10,108.59
3,10,100,1,1,100,102.91
3,10,100,1,1,1000,104.44
3,10,100,1,3,10,103
3,10,100,1,3,100,106.54
3,10,100,1,3,1000,103.82
3,10,100,1,6,10,103.1
3,10,100,1,6,100,104.8
3,10,100,1,6,1000,108.3
3,10,100,1,12,10,103.2
3,10,100,1,12,100,101.51
3,10,100,1,12,1000,106.93
3,10,100,2,1,10,104.65
3,10,100,2,1,100,107
3,10,100,2,1,1000,104.96
3,10,100,2,3,10,101.81
3,10,100,2,3,100,105.72
3,10,100,2,3,1000,106.62
3,10,100,2,6,10,100.67
3,10,100,2,6,100,101.6
3,10,100,2,6,1000,106.15
3,10,100,2,12,10,105.53
3,10,100,2,12,100,105.54
3,10,100,2,12,1000,101.44
3,10,100,3,1,10,103.27
3,10,100,3,1,100,102.62
3,10,100,3,1,1000,107.7
3,10,100,3,3,10,102.49
3,10,100,3,3,100,102.4
3,10,100,3,3,1000,101.44
3,10,100,3,6,10,104.49
3,10,100,3,6,100,101.04
3,10,100,3,6,1000,106.3
3,10,100,3,12,10,104.78
3,10,100,3,12,100,101.11
3,10,100,3,12,1000,108.71
3,10,100,6,1,10,103.97
3,10,100,6,1,100,103.1
3,10,100,6,1,1000,110.91
3,10,100,6,3,10,104.3
3,10,100,6,3,100,101.7
3,10,100,6,3,1000,102.17
3,10,100,6,6,10,104.32
3,10,100,6,6,100,102.16
3,10,100,6,6,1000,100.98
3,10,100,6,12,10,103.93
3,10,100,6,12,100,101.23
3,10,100,6,12,1000,107.84
3,100,1,1,1,10,399.59
3,100,1,1,1,100,396.76
3,100,1,1,1,1000,398.01
3,100,1,1,3,10,274.16
3,100,1,1,3,100,280.99
3,100,1,1,3,1000,272.51
3,100,1,1,6,10,259.01
3,100,1,1,6,100,273.84
3,100,1,1,6,1000,282.9
3,100,1,1,12,10,268.52
3,100,1,1,12,100,244.84
3,100,1,1,12,1000,253.41
3,100,1,2,1,10,390
3,100,1,2,1,100,392.92
3,100,1,2,1,1000,403.91
3,100,1,2,3,10,266.03
3,100,1,2,3,100,274.84
3,100,1,2,3,1000,273.92
3,100,1,2,6,10,249.78
3,100,1,2,6,100,240.21
3,100,1,2,6,1000,243.2
3,100,1,2,12,10,230.42
3,100,1,2,12,100,238.66
3,100,1,2,12,1000,208.62
3,100,1,3,1,10,402.69
3,100,1,3,1,100,407.46
3,100,1,3,1,1000,371.9
3,100,1,3,3,10,249.02
3,100,1,3,3,100,250.68
3,100,1,3,3,1000,246.7
3,100,1,3,6,10,241.31
3,100,1,3,6,100,233.21
3,100,1,3,6,1000,234.26
3,100,1,3,12,10,204.57
3,100,1,3,12,100,190.01
3,100,1,3,12,1000,218.25
3,100,1,6,1,10,408.74
3,100,1,6,1,100,399.04
3,100,1,6,1,1000,370.94
3,100,1,6,3,10,247.96
3,100,1,6,3,100,250.11
3,100,1,6,3,1000,243.56
3,100,1,6,6,10,234.79
3,100,1,6,6,100,217.54
3,100,1,6,6,1000,230.87
3,100,1,6,12,10,221.71
3,100,1,6,12,100,175.62
3,100,1,6,12,1000,191.05
3,100,2,1,1,10,402.81
3,100,2,1,1,100,374.26
3,100,2,1,1,1000,399.93
3,100,2,1,3,10,264.7
3,100,2,1,3,100,268.52
3,100,2,1,3,1000,265.74
3,100,2,1,6,10,265.64
3,100,2,1,6,100,264.02
3,100,2,1,6,1000,251.12
3,100,2,1,12,10,246.74
3,100,2,1,12,100,230.95
3,100,2,1,12,1000,256.78
3,100,2,2,1,10,392.48
3,100,2,2,1,100,372.82
3,100,2,2,1,1000,369.51
3,100,2,2,3,10,258.91
3,100,2,2,3,100,258.17
3,100,2,2,3,1000,263.98
3,100,2,2,6,10,226.83
3,100,2,2,6,100,243.98
3,100,2,2,6,1000,238.94
3,100,2,2,12,10,205.9
3,100,2,2,12,100,232.25
3,100,2,2,12,1000,230.42
3,100,2,3,1,10,373.01
3,100,2,3,1,100,348.55
3,100,2,3,1,1000,383.82
3,100,2,3,3,10,226.95
3,100,2,3,3,100,232.6
3,100,2,3,3,1000,240.85
3,100,2,3,6,10,211.65
3,100,2,3,6,100,223.69
3,100,2,3,6,1000,215.44
3,100,2,3,12,10,195.62
3,100,2,3,12,100,195.75
3,100,2,3,12,1000,193.83
3,100,2,6,1,10,338.91
3,100,2,6,1,100,343.88
3,100,2,6,1,1000,379.01
3,100,2,6,3,10,219.84
3,100,2,6,3,100,236.06
3,100,2,6,3,1000,228.39
3,100,2,6,6,10,212.59
3,100,2,6,6,100,231.28
3,100,2,6,6,1000,209.18
3,100,2,6,12,10,183.57
3,100,2,6,12,100,186.44
3,100,2,6,12,1000,180.13
3,100,3,1,1,10,370.71
3,100,3,1,1,100,390.97
3,100,3,1,1,1000,374.92
3,100,3,1,3,10,271.11
3,100,3,1,3,100,257.63
3,100,3,1,3,1000,243.99
3,100,3,1,6,10,238.65
3,100,3,1,6,100,258.31
3,100,3,1,6,1000,252.64
3,100,3,1,12,10,233.13
3,100,3,1,12,100,232.42
3,100,3,1,12,1000,235.72
3,100,3,2,1,10,354.03
3,100,3,2,1,100,373.52
3,100,3,2,1,1000,360.22
3,100,3,2,3,10,250.74
3,100,3,2,3,100,246.23
3,100,3,2,3,1000,259.49
3,100,3,2,6,10,225.3
3,100,3,2,6,100,242.43
3,100,3,2,6,1000,237.49
3,100,3,2,12,10,211.63
3,100,3,2,12,100,209.17
3,100,3,2,12,1000,215.19
3,100,3,3,1,10,353.49
3,100,3,3,1,100,345.37
3,100,3,3,1,1000,375.47
3,100,3,3,3,10,219.78
3,100,3,3,3,100,222.56
3,100,3,3,3,1000,228.29
3,100,3,3,6,10,212.1
3,100,3,3,6,100,209.67
3,100,3,3,6,1000,223
3,100,3,3,12,10,197.36
3,100,3,3,12,100,200.28
3,100,3,3,12,1000,192.9
3,100,3,6,1,10,367.84
3,100,3,6,1,100,375.98
3,100,3,6,1,1000,363.6
3,100,3,6,3,10,222.72
3,100,3,6,3,100,218.63
3,100,3,6,3,1000,229.66
3,100,3,6,6,10,200.25
3,100,3,6,6,100,205.47
3,100,3,6,6,1000,200.67
3,100,3,6,12,10,183.95
3,100,3,6,12,100,178.49
3,100,3,6,12,1000,182.83
3,100,10,1,1,10,357.96
3,100,10,1,1,100,374.82
3,100,10,1,1,1000,367.29
3,100,10,1,3,10,240.69
3,100,10,1,3,100,237.6
3,100,10,1,3,1000,251.04
3,100,10,1,6,10,254.97
3,100,10,1,6,100,233.34
3,100,10,1,6,1000,239.9
3,100,10,1,12,10,218.18
3,100,10,1,12,100,230.83
3,100,10,1,12,1000,228.48
3,100,10,2,1,10,337.39
3,100,10,2,1,100,337.2
3,100,10,2,1,1000,350.97
3,100,10,2,3,10,231.71
3,100,10,2,3,100,225.86
3,100,10,2,3,1000,236.95
3,100,10,2,6,10,216.92
3,100,10,2,6,100,201.45
3,100,10,2,6,1000,236.1
3,100,10,2,12,10,202.14
3,100,10,2,12,100,199.07
3,100,10,2,12,1000,204.24
3,100,10,3,1,10,317.04
3,100,10,3,1,100,338.03
3,100,10,3,1,1000,321.08
3,100,10,3,3,10,208.55
3,100,10,3,3,100,205.26
3,100,10,3,3,1000,222.1
3,100,10,3,6,10,188.01
3,100,10,3,6,100,191.22
3,100,10,3,6,1000,194.8
3,100,10,3,12,10,170.42
3,100,10,3,12,100,185.04
3,100,10,3,12,1000,173.19
3,100,10,6,1,10,322.92
3,100,10,6,1,100,357.19
3,100,10,6,1,1000,326.8
3,100,10,6,3,10,191.6
3,100,10,6,3,100,198.58
3,100,10,6,3,1000,196.11
3,100,10,6,6,10,193.19
3,100,10,6,6,100,196.67
3,100,10,6,6,1000,199.29
3,100,10,6,12,10,159.59
3,100,10,6,12,100,165.79
3,100,10,6,12,1000,168.73
3,100,100,1,1,10,335.44
3,100,100,1,1,100,329.78
3,100,100,1,1,1000,361.7
3,100,100,1,3,10,249.77
3,100,100,1,3,100,249.19
3,100,100,1,3,1000,252.03
3,100,100,1,6,10,250.01
3,100,100,1,6,100,235.33
3,100,100,1,6,1000,246.25
3,100,100,1,12,10,248.82
3,100,100,1,12,100,228.81
3,100,100,1,12,1000,237.43
3,100,100,2,1,10,327.84
3,100,100,2,1,100,339.72
3,100,100,2,1,1000,344.37
3,100,100,2,3,10,225.27
3,100,100,2,3,100,234.81
3,100,100,2,3,1000,228.3
3,100,100,2,6,10,197.37
3,100,100,2,6,100,202.89
3,100,100,2,6,1000,198.05
3,100,100,2,12,10,190.52
3,100,100,2,12,100,179.31
3,100,100,2,12,1000,172.13
3,100,100,3,1,10,356.42
3,100,100,3,1,100,332.36
3,100,100,3,1,1000,358.98
3,100,100,3,3,10,226.47
3,100,100,3,3,100,217.49
3,100,100,3,3,1000,220.25
3,100,100,3,6,10,195.86
3,100,100,3,6,100,202.83
3,100,100,3,6,1000,189.22
3,100,100,3,12,10,172.63
3,100,100,3,12,100,165.4
3,100,100,3,12,1000,170.01
3,100,100,6,1,10,318.11
3,100,100,6,1,100,326.17
3,100,100,6,1,1000,345.62
3,100,100,6,3,10,205.74
3,100,100,6,3,100,212.57
3,100,100,6,3,1000,217.03
3,100,100,6,6,10,194.03
3,100,100,6,6,100,178.47
3,100,100,6,6,1000,187.98
3,100,100,6,12,10,171.23
3,100,100,6,12,100,160.14
3,100,100,6,12,1000,171.2
3,1000,1,1,1,10,7510.5
3,1000,1,1,1,100,7856.5
3,1000,1,1,1,1000,8543.3
3,1000,1,1,3,10,2789.5
3,1000,1,1,3,100,2829.4
3,1000,1,1,3,1000,1767.7
3,1000,1,1,6,10,3038.3
3,1000,1,1,6,100,2769.8
3,1000,1,1,6,1000,2638.9
3,1000,1,1,12,10,2076.2
3,1000,1,1,12,100,2693.6
3,1000,1,1,12,1000,2127.1
3,1000,1,2,1,10,7874.1
3,1000,1,2,1,100,8259.6
3,1000,1,2,1,1000,8232.1
3,1000,1,2,3,10,2443.8
3,1000,1,2,3,100,3187.3
3,1000,1,2,3,1000,3159.7
3,1000,1,2,6,10,1721.4
3,1000,1,2,6,100,1606.5
3,1000,1,2,6,1000,1967.6
3,1000,1,2,12,10,1424.7
3,1000,1,2,12,100,1529.5
3,1000,1,2,12,1000,1455.4
3,1000,1,3,1,10,13315
3,1000,1,3,1,100,13236
3,1000,1,3,1,1000,13778
3,1000,1,3,3,10,3156.8
3,1000,1,3,3,100,4822.1
3,1000,1,3,3,1000,2031
3,1000,1,3,6,10,1832.4
3,1000,1,3,6,100,1598.7
3,1000,1,3,6,1000,1646.3
3,1000,1,3,12,10,1647.7
3,1000,1,3,12,100,1584.5
3,1000,1,3,12,1000,1727.9
3,1000,1,6,1,10,14435
3,1000,1,6,1,100,14081
3,1000,1,6,1,1000,14031
3,1000,1,6,3,10,2523.8
3,1000,1,6,3,100,2415.2
3,1000,1,6,3,1000,2653.7
3,1000,1,6,6,10,2031.3
3,1000,1,6,6,100,1427.4
3,1000,1,6,6,1000,1640.1
3,1000,1,6,12,10,1623.8
3,1000,1,6,12,100,3734.2
3,1000,1,6,12,1000,2805.9
3,1000,2,1,1,10,7643
3,1000,2,1,1,100,7344
3,1000,2,1,1,1000,7253.8
3,1000,2,1,3,10,2260.4
3,1000,2,1,3,100,2369.3
3,1000,2,1,3,1000,2314.2
3,1000,2,1,6,10,2706.7
3,1000,2,1,6,100,2939.5
3,1000,2,1,6,1000,2492.9
3,1000,2,1,12,10,2629.6
3,1000,2,1,12,100,1648.4
3,1000,2,1,12,1000,2826.7
3,1000,2,2,1,10,7426.6
3,1000,2,2,1,100,7872.2
3,1000,2,2,1,1000,8191.1
3,1000,2,2,3,10,2241.7
3,1000,2,2,3,100,2060.2
3,1000,2,2,3,1000,2648.7
3,1000,2,2,6,10,1542.8
3,1000,2,2,6,100,1638.2
3,1000,2,2,6,1000,1715.7
3,1000,2,2,12,10,1259.5
3,1000,2,2,12,100,1342.8
3,1000,2,2,12,1000,1407.5
3,1000,2,3,1,10,13867
3,1000,2,3,1,100,14031
3,1000,2,3,1,1000,13390
3,1000,2,3,3,10,2618.9
3,1000,2,3,3,100,3230.1
3,1000,2,3,3,1000,2444.5
3,1000,2,3,6,10,1647.3
3,1000,2,3,6,100,1651.8
3,1000,2,3,6,1000,1489.7
3,1000,2,3,12,10,1549.6
3,1000,2,3,12,100,1934.2
3,1000,2,3,12,1000,1481.7
3,1000,2,6,1,10,15685
3,1000,2,6,1,100,14481
3,1000,2,6,1,1000,12866
3,1000,2,6,3,10,2945.7
3,1000,2,6,3,100,2434.2
3,1000,2,6,3,1000,2886.9
3,1000,2,6,6,10,1974.8
3,1000,2,6,6,100,1765.3
3,1000,2,6,6,1000,1860.6
3,1000,2,6,12,10,2527.7
3,1000,2,6,12,100,1837.9
3,1000,2,6,12,1000,1376.7
3,1000,3,1,1,10,7344.5
3,1000,3,1,1,100,6743.2
3,1000,3,1,1,1000,7590.9
3,1000,3,1,3,10,2784
3,1000,3,1,3,100,1816.1
3,1000,3,1,3,1000,2559.3
3,1000,3,1,6,10,1791.5
3,1000,3,1,6,100,1741.7
3,1000,3,1,6,1000,2458.7
3,1000,3,1,12,10,2715.2
3,1000,3,1,12,100,2410
3,1000,3,1,12,1000,1853.9
3,1000,3,2,1,10,7668.9
3,1000,3,2,1,100,7795.6
3,1000,3,2,1,1000,7708
3,1000,3,2,3,10,2522.6
3,1000,3,2,3,100,2309.4
3,1000,3,2,3,1000,2745.5
3,1000,3,2,6,10,1521.4
3,1000,3,2,6,100,1677
3,1000,3,2,6,1000,1648.2
3,1000,3,2,12,10,1294.2
3,1000,3,2,12,100,1204.1
3,1000,3,2,12,1000,1283.9
3,1000,3,3,1,10,13958
3,1000,3,3,1,100,13193
3,1000,3,3,1,1000,12850
3,1000,3,3,3,10,2797.2
3,1000,3,3,3,100,2858.1
3,1000,3,3,3,1000,3335.2
3,1000,3,3,6,10,1519
3,1000,3,3,6,100,1709.4
3,1000,3,3,6,1000,1484.9
3,1000,3,3,12,10,1842.2
3,1000,3,3,12,100,1289
3,1000,3,3,12,1000,1468.7
3,1000,3,6,1,10,11652
3,1000,3,6,1,100,14247
3,1000,3,6,1,1000,13883
3,1000,3,6,3,10,3792.6
3,1000,3,6,3,100,3452.3
3,1000,3,6,3,1000,1911.3
3,1000,3,6,6,10,1929.2
3,1000,3,6,6,100,1518.7
3,1000,3,6,6,1000,1474.7
3,1000,3,6,12,10,1619.5
3,1000,3,6,12,100,1857.8
3,1000,3,6,12,1000,1875.4
3,1000,10,1,1,10,4074
3,1000,10,1,1,100,3970.5
3,1000,10,1,1,1000,4827.2
3,1000,10,1,3,10,2145.7
3,1000,10,1,3,100,1979.8
3,1000,10,1,3,1000,2091.6
3,1000,10,1,6,10,1955
3,1000,10,1,6,100,2393.2
3,1000,10,1,6,1000,2127.8
3,1000,10,1,12,10,2020.8
3,1000,10,1,12,100,1860.2
3,1000,10,1,12,1000,1956.5
3,1000,10,2,1,10,6619.1
3,1000,10,2,1,100,5845.8
3,1000,10,2,1,1000,7067.1
3,1000,10,2,3,10,2534.9
3,1000,10,2,3,100,2382.2
3,1000,10,2,3,1000,1804.1
3,1000,10,2,6,10,1501.6
3,1000,10,2,6,100,1506.9
3,1000,10,2,6,1000,1390.6
3,1000,10,2,12,10,1307.2
3,1000,10,2,12,100,1422.1
3,1000,10,2,12,1000,1233.2
3,1000,10,3,1,10,12984
3,1000,10,3,1,100,12635
3,1000,10,3,1,1000,12102
3,1000,10,3,3,10,1824.8
3,1000,10,3,3,100,2083
3,1000,10,3,3,1000,2045.8
3,1000,10,3,6,10,1310.4
3,1000,10,3,6,100,1605.3
3,1000,10,3,6,1000,1204.8
3,1000,10,3,12,10,1478.4
3,1000,10,3,12,100,1436.4
3,1000,10,3,12,1000,1289.7
3,1000,10,6,1,10,15093
3,1000,10,6,1,100,13339
3,1000,10,6,1,1000,14945
3,1000,10,6,3,10,2057.7
3,1000,10,6,3,100,4075.1
3,1000,10,6,3,1000,1985.8
3,1000,10,6,6,10,1375.1
3,1000,10,6,6,100,1529.5
3,1000,10,6,6,1000,1230.8
3,1000,10,6,12,10,1481.3
3,1000,10,6,12,100,1483.8
3,1000,10,6,12,1000,1667
3,1000,100,1,1,10,3718.5
3,1000,100,1,1,100,3740.2
3,1000,100,1,1,1000,3254.5
3,1000,100,1,3,10,1814.3
3,1000,100,1,3,100,1650.5
3,1000,100,1,3,1000,1652.8
3,1000,100,1,6,10,1906.3
3,1000,100,1,6,100,1810.7
3,1000,100,1,6,1000,1692
3,1000,100,1,12,10,1793.8
3,1000,100,1,12,100,2278.7
3,1000,100,1,12,1000,1756.6
3,1000,100,2,1,10,3870.6
3,1000,100,2,1,100,4262.4
3,1000,100,2,1,1000,3546.1
3,1000,100,2,3,10,2017.4
3,1000,100,2,3,100,1920
3,1000,100,2,3,1000,1740.6
3,1000,100,2,6,10,1295.7
3,1000,100,2,6,100,1420.5
3,1000,100,2,6,1000,1586.6
3,1000,100,2,12,10,1191.2
3,1000,100,2,12,100,1255.9
3,1000,100,2,12,1000,1087.6
3,1000,100,3,1,10,12280
3,1000,100,3,1,100,12121
3,1000,100,3,1,1000,11938
3,1000,100,3,3,10,2250.4
3,1000,100,3,3,100,1974.6
3,1000,100,3,3,1000,1588.3
3,1000,100,3,6,10,1403.4
3,1000,100,3,6,100,1324.6
3,1000,100,3,6,1000,1263.4
3,1000,100,3,12,10,1130.6
3,1000,100,3,12,100,1426.5
3,1000,100,3,12,1000,1422.6
3,1000,100,6,1,10,13393
3,1000,100,6,1,100,13224
3,1000,100,6,1,1000,10781
3,1000,100,6,3,10,1926.7
3,1000,100,6,3,100,1743.3
3,1000,100,6,3,1000,2061.2
3,1000,100,6,6,10,1252.7
3,1000,100,6,6,100,1166.4
3,1000,100,6,6,1000,1499.4
3,1000,100,6,12,10,1266.4
3,1000,100,6,12,100,1756.7
3,1000,100,6,12,1000,1884.5
3,10000,1,1,1,10,40806
3,10000,1,1,1,100,44668
3,10000,1,1,1,1000,41792
3,10000,1,1,3,10,35698
3,10000,1,1,3,100,34617
3,10000,1,1,3,1000,40081
3,10000,1,1,6,10,35799
3,10000,1,1,6,100,42547
3,10000,1,1,6,1000,41408
3,10000,1,1,12,10,34969
3,10000,1,1,12,100,37236
3,10000,1,1,12,1000,42442
3,10000,1,2,1,10,37441
3,10000,1,2,1,100,34021
3,10000,1,2,1,1000,43433
3,10000,1,2,3,10,31867
3,10000,1,2,3,100,37480
3,10000,1,2,3,1000,30654
3,10000,1,2,6,10,21646
3,10000,1,2,6,100,23302
3,10000,1,2,6,1000,27535
3,10000,1,2,12,10,18562
3,10000,1,2,12,100,23265
3,10000,1,2,12,1000,15677
3,10000,1,3,1,10,52019
3,10000,1,3,1,100,49677
3,10000,1,3,1,1000,40679
3,10000,1,3,3,10,34413
3,10000,1,3,3,100,36668
3,10000,1,3,3,1000,28561
3,10000,1,3,6,10,27925
3,10000,1,3,6,100,29905
3,10000,1,3,6,1000,27077
3,10000,1,3,12,10,29063
3,10000,1,3,12,100,33561
3,10000,1,3,12,1000,30580
3,10000,1,6,1,10,42849
3,10000,1,6,1,100,47411
3,10000,1,6,1,1000,45644
3,10000,1,6,3,10,34340
3,10000,1,6,3,100,44613
3,10000,1,6,3,1000,46191
3,10000,1,6,6,10,30588
3,10000,1,6,6,100,38983
3,10000,1,6,6,1000,40227
3,10000,1,6,12,10,53402
3,10000,1,6,12,100,33113
3,10000,1,6,12,1000,34931
3,10000,2,1,1,10,38451
3,10000,2,1,1,100,43932
3,10000,2,1,1,1000,44219
3,10000,2,1,3,10,41076
3,10000,2,1,3,100,38526
3,10000,2,1,3,1000,37571
3,10000,2,1,6,10,37193
3,10000,2,1,6,100,41529
3,10000,2,1,6,1000,38349
3,10000,2,1,12,10,38475
3,10000,2,1,12,100,42021
3,10000,2,1,12,1000,39212
3,10000,2,2,1,10,36056
3,10000,2,2,1,100,33875
3,10000,2,2,1,1000,39107
3,10000,2,2,3,10,32528
3,10000,2,2,3,100,29295
3,10000,2,2,3,1000,35420
3,10000,2,2,6,10,19364
3,10000,2,2,6,100,22504
3,10000,2,2,6,1000,27173
3,10000,2,2,12,10,24969
3,10000,2,2,12,100,26472
3,10000,2,2,12,1000,30292
3,10000,2,3,1,10,39255
3,10000,2,3,1,100,38824
3,10000,2,3,1,1000,45002
3,10000,2,3,3,10,32098
3,10000,2,3,3,100,40581
3,10000,2,3,3,1000,49528
3,10000,2,3,6,10,33641
3,10000,2,3,6,100,34616
3,10000,2,3,6,1000,30305
3,10000,2,3,12,10,36838
3,10000,2,3,12,100,36923
3,10000,2,3,12,1000,30039
3,10000,2,6,1,10,50320
3,10000,2,6,1,100,38748
3,10000,2,6,1,1000,46164
3,10000,2,6,3,10,29633
3,10000,2,6,3,100,41218
3,10000,2,6,3,1000,31200
3,10000,2,6,6,10,38482
3,10000,2,6,6,100,39887
3,10000,2,6,6,1000,36233
3,10000,2,6,12,10,30932
3,10000,2,6,12,100,25140
3,10000,2,6,12,1000,33111
3,10000,3,1,1,10,36668
3,10000,3,1,1,100,31208
3,10000,3,1,1,1000,43616
3,10000,3,1,3,10,34213
3,10000,3,1,3,100,44007
3,10000,3,1,3,1000,39746
3,10000,3,1,6,10,31764
3,10000,3,1,6,100,43301
3,10000,3,1,6,1000,41984
3,10000,3,1,12,10,36689
3,10000,3,1,12,100,37575
3,10000,3,1,12,1000,38749
3,10000,3,2,1,10,40177
3,10000,3,2,1,100,37672
3,10000,3,2,1,1000,40928
3,10000,3,2,3,10,27821
3,10000,3,2,3,100,38415
3,10000,3,2,3,1000,30888
3,10000,3,2,6,10,20067
3,10000,3,2,6,100,32196
3,10000,3,2,6,1000,26137
3,10000,3,2,12,10,22456
3,10000,3,2,12,100,26171
3,10000,3,2,12,1000,23414
3,10000,3,3,1,10,43013
3,10000,3,3,1,100,43188
3,10000,3,3,1,1000,49673
3,10000,3,3,3,10,35063
3,10000,3,3,3,100,27054
3,10000,3,3,3,1000,33324
3,10000,3,3,6,10,20988
3,10000,3,3,6,100,39546
3,10000,3,3,6,1000,31267
3,10000,3,3,12,10,34273
3,10000,3,3,12,100,35113
3,10000,3,3,12,1000,34726
3,10000,3,6,1,10,47430
3,10000,3,6,1,100,42230
3,10000,3,6,1,1000,46122
3,10000,3,6,3,10,30533
3,10000,3,6,3,100,43666
3,10000,3,6,3,1000,48163
3,10000,3,6,6,10,47615
3,10000,3,6,6,100,31993
3,10000,3,6,6,1000,26787
3,10000,3,6,12,10,27235
3,10000,3,6,12,100,21874
3,10000,3,6,12,1000,42610
3,10000,10,1,1,10,42927
3,10000,10,1,1,100,42341
3,10000,10,1,1,1000,45791
3,10000,10,1,3,10,37625
3,10000,10,1,3,100,36884
3,10000,10,1,3,1000,40238
3,10000,10,1,6,10,35362
3,10000,10,1,6,100,41060
3,10000,10,1,6,1000,39713
3,10000,10,1,12,10,39021
3,10000,10,1,12,100,42837
3,10000,10,1,12,1000,42122
3,10000,10,2,1,10,38896
3,10000,10,2,1,100,43331
3,10000,10,2,1,1000,36267
3,10000,10,2,3,10,34569
3,10000,10,2,3,100,31929
3,10000,10,2,3,1000,36527
3,10000,10,2,6,10,23429
3,10000,10,2,6,100,30171
3,10000,10,2,6,1000,22131
3,10000,10,2,12,10,19881
3,10000,10,2,12,100,19113
3,10000,10,2,12,1000,22782
3,10000,10,3,1,10,36821
3,10000,10,3,1,100,39848
3,10000,10,3,1,1000,44880
3,10000,10,3,3,10,36974
3,10000,10,3,3,100,41516
3,10000,10,3,3,1000,24558
3,10000,10,3,6,10,33033
3,10000,10,3,6,100,32476
3,10000,10,3,6,1000,33709
3,10000,10,3,12,10,28436
3,10000,10,3,12,100,34327
3,10000,10,3,12,1000,32981
3,10000,10,6,1,10,50901
3,10000,10,6,1,100,55209
3,10000,10,6,1,1000,49336
3,10000,10,6,3,10,43258
3,10000,10,6,3,100,33087
3,10000,10,6,3,1000,44556
3,10000,10,6,6,10,27057
3,10000,10,6,6,100,44389
3,10000,10,6,6,1000,37016
3,10000,10,6,12,10,31612
3,10000,10,6,12,100,21603
3,10000,10,6,12,1000,32262
3,10000,100,1,1,10,38592
3,10000,100,1,1,100,40931
3,10000,100,1,1,1000,42038
3,10000,100,1,3,10,39303
3,10000,100,1,3,100,35683
3,10000,100,1,3,1000,35971
3,10000,100,1,6,10,38088
3,10000,100,1,6,100,35198
3,10000,100,1,6,1000,36657
3,10000,100,1,12,10,41615
3,10000,100,1,12,100,37819
3,10000,100,1,12,1000,39340
3,10000,100,2,1,10,36854
3,10000,100,2,1,100,40528
3,10000,100,2,1,1000,43148
3,10000,100,2,3,10,34078
3,10000,100,2,3,100,28496
3,10000,100,2,3,1000,24624
3,10000,100,2,6,10,28380
3,10000,100,2,6,100,27171
3,10000,100,2,6,1000,20972
3,10000,100,2,12,10,24119
3,10000,100,2,12,100,28225
3,10000,100,2,12,1000,22515
3,10000,100,3,1,10,37770
3,10000,100,3,1,100,46113
3,10000,100,3,1,1000,38220
3,10000,100,3,3,10,26407
3,10000,100,3,3,100,39989
3,10000,100,3,3,1000,39333
3,10000,100,3,6,10,30532
3,10000,100,3,6,100,24913
3,10000,100,3,6,1000,31823
3,10000,100,3,12,10,28983
3,10000,100,3,12,100,20933
3,10000,100,3,12,1000,30084
3,10000,100,6,1,10,31469
3,10000,100,6,1,100,43257
3,10000,100,6,1,1000,39811
3,10000,100,6,3,10,44046
3,10000,100,6,3,100,38487
3,10000,100,6,3,1000,35625
3,10000,100,6,6,10,29566
3,10000,100,6,6,100,38920
3,10000,100,6,6,1000,34806
3,10000,100,6,12,10,25576
3,10000,100,6,12,100,31696
3,10000,100,6,12,1000,27218